Timestamp,Balance,Change
2024-10-12 16:58:42,770.38,0
2024-10-12 17:56:45,770.38,0
2024-10-12 18:48:22,770.38,0
2024-10-12 19:18:45,770.38,0
2024-10-12 20:05:20,770.38,0
2024-10-12 20:36:53,770.38,0
2024-10-12 21:07:31,770.38,0
2024-10-12 22:05:56,769.38,1.0
2024-10-12 23:03:32,769.38,0
2024-10-12 23:40:46,768.38,1.0
2024-10-13 00:15:28,768.38,0
2024-10-13 01:06:00,768.38,0
2024-10-13 01:50:46,768.38,0
2024-10-13 02:48:57,768.38,0
2024-10-13 03:47:14,768.38,0
2024-10-13 04:18:23,768.38,0
2024-10-13 04:55:41,768.38,0
2024-10-13 05:33:58,768.38,0
2024-10-13 06:25:11,768.38,0
2024-10-13 07:24:33,768.38,0
2024-10-13 08:15:54,768.38,0
2024-10-13 09:15:39,768.38,0
2024-10-13 10:12:24,768.38,0
2024-10-13 11:10:46,768.38,0
2024-10-13 11:58:07,767.33,1.0499999999999545
2024-10-13 12:39:40,767.33,0
2024-10-13 13:17:18,767.33,0
2024-10-13 14:12:41,767.33,0
2024-10-13 14:47:57,766.33,1.0
2024-10-13 15:15:58,766.33,0
2024-10-13 17:45:31,766.33,0.0
2024-10-13 18:33:33,765.33,1.0
2024-10-13 19:22:02,765.33,0.0
2024-10-13 20:09:27,765.33,0.0
2024-10-13 20:53:21,765.33,0.0
2024-10-13 21:29:16,765.33,0.0
2024-10-13 22:16:05,764.33,1.0
2024-10-13 23:06:15,764.33,0.0
2024-10-13 23:45:16,764.33,0.0
2024-10-14 00:30:35,764.33,0.0
2024-10-14 01:17:21,764.33,0.0
2024-10-14 01:48:27,764.33,0.0
2024-10-14 02:33:27,764.33,0.0
2024-10-14 03:12:12,764.33,0.0
2024-10-14 03:45:43,764.33,0.0
2024-10-14 04:39:30,764.33,0.0
2024-10-14 05:16:26,764.33,0.0
2024-10-14 05:56:41,764.33,0.0
2024-10-14 06:45:55,764.33,0.0
2024-10-14 07:18:15,764.33,0.0
2024-10-14 08:16:30,764.33,0.0
2024-10-14 08:49:16,763.33,1.0
2024-10-14 09:22:37,763.33,0.0
2024-10-14 09:53:40,763.33,0.0
2024-10-14 10:42:20,763.33,0.0
2024-10-14 11:15:18,763.33,0.0
2024-10-14 11:51:01,762.93,0.40000000000009095
2024-10-14 12:21:05,762.93,0.0
2024-10-14 13:19:27,762.93,0.0
2024-10-14 14:10:55,762.93,0.0
2024-10-14 15:04:57,762.93,0.0
2024-10-14 15:36:46,762.93,0.0
2024-10-14 16:13:45,762.93,0.0
2024-10-14 17:09:33,762.93,0.0
2024-10-14 17:40:40,761.93,1.0
2024-10-14 18:26:42,761.93,0.0
2024-10-14 18:59:22,761.93,0.0
2024-10-14 19:49:57,761.93,0.0
2024-10-14 20:22:09,761.93,0.0
2024-10-15 14:49:29,758.78,3.1499999999999773
2024-10-15 15:25:22,758.78,0.0
2024-10-15 16:23:56,758.78,0.0
2024-10-15 16:57:26,758.78,0.0
2024-10-15 17:50:53,758.78,0.0
2024-10-15 18:47:30,757.78,1.0
2024-10-15 19:19:29,757.78,0.0
2024-10-15 19:54:18,757.78,0.0
2024-10-15 20:53:27,757.78,0.0
2024-10-15 21:42:26,756.68,1.1000000000000227
2024-10-15 22:41:03,756.68,0.0
2024-10-15 23:13:50,756.68,0.0
2024-10-16 00:01:58,755.68,1.0
2024-10-16 00:45:03,755.68,0.0
2024-10-16 01:44:05,755.68,0.0
2024-10-16 02:33:30,755.68,0.0
2024-10-16 03:33:01,755.68,0.0
2024-10-16 04:26:53,755.68,0.0
2024-10-16 05:04:38,755.68,0.0
2024-10-16 05:40:23,755.68,0.0
2024-10-16 06:31:22,755.68,0.0
2024-10-16 07:24:26,755.68,0.0
2024-10-16 08:17:53,755.68,0.0
2024-10-16 08:48:34,755.68,0.0
2024-10-16 09:33:20,755.68,0.0
2024-10-16 10:24:40,755.68,0.0
2024-10-16 11:23:00,755.68,0.0
2024-10-16 11:53:57,755.68,0.0
2024-10-16 12:52:34,755.68,0.0
2024-10-16 13:24:30,755.68,0.0
2024-10-16 14:14:15,755.68,0.0
2024-10-16 14:47:06,754.63,1.0499999999999545
2024-10-16 15:18:57,754.63,0.0
2024-10-16 15:49:50,754.63,0.0
2024-10-16 16:49:02,754.63,0.0
2024-10-16 17:45:32,754.63,0.0
2024-10-16 18:19:22,754.63,0.0
2024-10-16 18:50:25,754.63,0.0
2024-10-16 19:32:47,754.63,0.0
2024-10-16 20:06:51,754.63,0.0
2024-10-16 20:45:54,754.63,0.0
2024-10-16 21:33:50,754.63,0.0
2024-10-16 22:23:32,753.63,1.0
2024-10-16 22:56:01,753.63,0.0
2024-10-16 23:52:14,753.63,0.0
2024-10-17 00:44:31,752.63,1.0
2024-10-17 01:16:55,752.63,0.0
2024-10-17 01:54:22,752.63,0.0
2024-10-17 02:39:05,752.63,0.0
2024-10-17 03:27:04,752.63,0.0
2024-10-17 04:12:56,752.63,0.0
2024-10-17 04:46:17,752.63,0.0
2024-10-17 05:26:44,752.63,0.0
2024-10-17 05:58:31,752.63,0.0
2024-10-17 06:58:02,752.63,0.0
2024-10-17 07:33:06,752.63,0.0
2024-10-17 08:16:49,752.63,0.0
2024-10-17 09:15:33,752.63,0.0
2024-10-17 09:55:00,752.63,0.0
2024-10-17 10:32:13,752.63,0.0
2024-10-17 11:14:56,752.63,0.0
2024-10-17 11:49:36,752.63,0.0
2024-10-17 12:34:22,752.63,0.0
2024-10-17 13:18:14,752.63,0.0
2024-10-17 14:15:05,751.63,1.0
2024-10-17 14:52:37,751.63,0.0
2024-10-17 15:26:53,751.63,0.0
2024-10-17 16:14:22,751.63,0.0
2024-10-17 17:07:29,751.63,0.0
2024-10-17 17:40:20,750.63,1.0
2024-10-17 18:24:02,750.63,0.0
2024-10-17 18:57:34,750.63,0.0
2024-10-17 19:49:48,750.63,0.0
2024-10-17 20:46:07,750.63,0.0
2024-10-17 21:44:58,749.58,1.0499999999999545
2024-10-17 22:16:43,749.58,0.0
2024-10-17 23:11:48,749.58,0.0
2024-10-18 00:03:46,748.58,1.0
2024-10-18 00:36:22,748.58,0.0
2024-10-18 01:23:45,748.58,0.0
2024-10-18 01:56:07,748.58,0.0
2024-10-18 02:35:59,748.58,0.0
2024-10-18 03:14:08,748.58,0.0
2024-10-18 04:01:35,748.58,0.0
2024-10-18 04:39:00,748.58,0.0
2024-10-18 05:30:18,748.58,0.0
2024-10-18 06:06:31,748.58,0.0
2024-10-18 06:49:53,748.58,0.0
2024-10-18 07:35:31,748.58,0.0
2024-10-18 08:34:27,748.58,0.0
2024-10-18 09:30:17,748.33,0.25
2024-10-18 10:13:18,748.33,0.0
2024-10-18 10:45:15,748.33,0.0
2024-10-18 11:26:57,748.33,0.0
2024-10-18 12:05:42,748.33,0.0
2024-10-18 12:59:34,748.33,0.0
2024-10-18 13:47:28,748.33,0.0
2024-10-18 14:43:29,747.33,1.0
2024-10-18 15:31:44,747.33,0.0
2024-10-18 16:22:36,747.33,0.0
2024-10-18 17:01:17,747.33,0.0
2024-10-18 17:44:00,747.33,0.0
2024-10-18 18:43:14,746.33,1.0
2024-10-18 19:19:18,746.33,0.0
2024-10-18 20:09:34,746.33,0.0
2024-10-18 20:58:42,745.33,1.0
2024-10-18 21:58:28,745.33,0.0
2024-10-18 22:54:43,744.28,1.0500000000000682
2024-10-18 23:51:26,744.28,0.0
2024-10-19 00:50:32,744.28,0.0
2024-10-19 01:42:38,744.28,0.0
2024-10-19 02:19:28,744.28,0.0
2024-10-19 03:06:48,744.28,0.0
2024-10-19 03:52:07,744.28,0.0
2024-10-19 04:45:16,744.28,0.0
2024-10-19 05:38:18,744.28,0.0
2024-10-19 06:25:23,744.28,0.0
2024-10-19 07:07:42,744.28,0.0
2024-10-19 07:55:34,743.28,1.0
2024-10-19 08:46:47,743.28,0.0
2024-10-19 09:43:22,743.28,0.0
2024-10-19 10:35:26,743.28,0.0
2024-10-19 11:19:23,743.28,0.0
2024-10-19 11:49:43,743.28,0.0
2024-10-19 12:24:31,743.28,0.0
2024-10-19 13:00:45,743.28,0.0
2024-10-19 13:49:11,743.28,0.0
2024-10-19 14:45:33,742.28,1.0
2024-10-19 15:39:55,742.28,0.0
2024-10-19 16:15:55,742.28,0.0
2024-10-19 16:46:52,742.28,0.0
2024-10-19 17:20:41,742.28,0.0
2024-10-19 18:18:55,742.28,0.0
2024-10-19 19:18:04,742.28,0.0
2024-10-19 19:50:55,742.28,0.0
2024-10-19 20:26:24,741.28,1.0
2024-10-19 21:11:52,741.28,0.0
2024-10-19 22:03:21,741.28,0.0
2024-10-19 22:53:12,741.28,0.0
2024-10-19 23:29:29,740.28,1.0
2024-10-20 00:11:01,740.28,0.0
2024-10-20 00:51:48,740.28,0.0
2024-10-20 01:30:49,740.28,0.0
2024-10-20 02:26:02,740.28,0.0
2024-10-20 03:05:43,740.28,0.0
2024-10-20 03:38:20,740.28,0.0
2024-10-20 04:23:46,740.28,0.0
2024-10-20 04:59:07,740.28,0.0
2024-10-20 05:30:57,740.28,0.0
2024-10-20 06:18:52,740.28,0.0
2024-10-20 07:16:10,740.28,0.0
2024-10-20 08:07:07,740.28,0.0
2024-10-20 09:06:32,740.28,0.0
2024-10-20 10:01:56,740.28,0.0
2024-10-20 10:50:33,740.28,0.0
2024-10-20 11:25:28,740.28,0.0
2024-10-20 12:04:44,740.28,0.0
2024-10-20 12:57:51,740.28,0.0
2024-10-20 13:48:27,740.28,0.0
2024-10-20 14:36:26,739.28,1.0
2024-10-20 15:07:03,739.28,0.0
2024-10-20 16:00:45,739.28,0.0
2024-10-20 16:51:42,739.28,0.0
2024-10-20 17:23:00,739.28,0.0
2024-10-20 18:04:38,738.28,1.0
2024-10-20 18:46:54,738.28,0.0
2024-10-20 19:30:57,738.28,0.0
2024-10-20 20:25:23,738.28,0.0
2024-10-20 21:05:07,737.28,1.0
2024-10-20 21:58:23,737.28,0.0
2024-10-20 22:50:24,737.28,0.0
2024-10-20 23:21:26,737.28,0.0
2024-10-20 23:59:10,736.28,1.0
2024-10-21 00:53:46,736.28,0.0
2024-10-21 01:34:11,736.28,0.0
2024-10-21 02:24:34,736.28,0.0
2024-10-21 03:13:48,736.28,0.0
2024-10-21 03:54:13,736.28,0.0
2024-10-21 04:26:55,736.28,0.0
2024-10-21 05:21:50,736.28,0.0
2024-10-21 05:55:29,736.28,0.0
2024-10-21 06:36:48,736.28,0.0
2024-10-21 07:29:22,736.28,0.0
2024-10-21 08:17:00,736.28,0.0
2024-10-21 09:06:43,736.28,0.0
2024-10-21 09:50:14,736.28,0.0
2024-10-21 10:21:28,736.28,0.0
2024-10-21 11:13:20,736.28,0.0
2024-10-21 11:59:46,736.28,0.0
2024-10-21 12:39:29,736.28,0.0
2024-10-21 13:22:10,736.28,0.0
2024-10-21 14:03:30,735.28,1.0
2024-10-21 14:59:04,735.18,0.10000000000002274
2024-10-21 15:46:23,735.18,0.0
2024-10-21 16:34:15,735.18,0.0
2024-10-21 17:15:03,735.18,0.0
2024-10-21 18:06:46,735.18,0.0
2024-10-21 18:57:12,735.18,0.0
2024-10-21 19:55:33,734.18,1.0
2024-10-21 20:36:30,734.18,0.0
2024-10-21 21:36:19,734.18,0.0
2024-10-21 22:25:47,734.18,0.0
2024-10-21 23:04:44,734.18,0.0
2024-10-21 23:52:53,733.18,1.0
2024-10-22 00:22:57,733.18,0.0
2024-10-22 00:55:52,733.18,0.0
2024-10-22 01:45:14,733.18,0.0
2024-10-22 02:18:17,733.18,0.0
2024-10-22 02:59:35,733.18,0.0
2024-10-22 03:44:00,733.18,0.0
2024-10-22 04:17:09,733.18,0.0
2024-10-22 05:09:52,733.18,0.0
2024-10-22 05:44:46,733.18,0.0
2024-10-22 06:21:10,733.18,0.0
2024-10-22 07:11:03,733.18,0.0
2024-10-22 08:02:38,733.18,0.0
2024-10-22 08:36:18,733.18,0.0
2024-10-22 09:23:02,733.18,0.0
2024-10-22 10:01:46,733.18,0.0
2024-10-22 10:46:11,732.18,1.0
2024-10-22 11:38:35,732.18,0.0
2024-10-22 12:16:50,732.18,0.0
2024-10-22 13:08:22,732.18,0.0
2024-10-22 13:47:31,732.18,0.0
2024-10-22 14:27:33,732.18,0.0
2024-10-22 15:02:42,732.18,0.0
2024-10-22 15:39:45,731.18,1.0
2024-10-22 16:22:15,731.18,0.0
2024-10-22 17:00:17,731.18,0.0
2024-10-22 17:51:43,731.18,0.0
2024-10-22 18:30:35,731.18,0.0
2024-10-22 19:27:05,731.18,0.0
2024-10-22 20:14:15,731.18,0.0
2024-10-22 21:01:34,730.18,1.0
2024-10-22 21:57:30,730.18,0.0
2024-10-22 22:40:37,730.18,0.0
2024-10-22 23:33:57,730.18,0.0
2024-10-23 00:21:22,730.18,0.0
2024-10-23 01:06:20,730.18,0.0
2024-10-23 01:41:01,730.18,0.0
2024-10-23 02:27:10,730.18,0.0
2024-10-23 03:26:47,730.18,0.0
2024-10-23 04:09:57,730.18,0.0
2024-10-23 04:53:40,730.18,0.0
2024-10-23 05:37:00,730.18,0.0
2024-10-23 06:15:14,730.18,0.0
2024-10-23 06:55:41,730.18,0.0
2024-10-23 07:27:53,730.18,0.0
2024-10-23 08:02:26,730.18,0.0
2024-10-23 08:56:44,729.18,1.0
2024-10-23 09:39:30,729.18,0.0
2024-10-23 10:21:47,729.18,0.0
2024-10-23 11:13:06,729.18,0.0
2024-10-23 11:49:39,729.18,0.0
2024-10-23 12:21:06,729.18,0.0
2024-10-23 13:12:41,729.18,0.0
2024-10-23 13:50:14,728.13,1.0499999999999545
2024-10-23 14:39:04,728.13,0.0
2024-10-23 15:18:59,728.13,0.0
2024-10-23 16:17:21,728.13,0.0
2024-10-23 17:04:01,728.13,0.0
2024-10-23 17:49:01,727.13,1.0
2024-10-23 18:34:37,727.13,0.0
2024-10-23 19:26:35,727.13,0.0
2024-10-23 20:23:11,727.13,0.0
2024-10-23 21:17:27,726.13,1.0
2024-10-23 21:51:14,726.13,0.0
2024-10-23 22:32:42,726.13,0.0
2024-10-23 23:14:48,726.13,0.0
2024-10-23 23:53:58,725.13,1.0
2024-10-24 00:46:31,725.13,0.0
2024-10-24 01:21:52,725.13,0.0
2024-10-24 01:55:32,725.13,0.0
2024-10-24 02:29:18,725.13,0.0
2024-10-24 03:02:33,725.13,0.0
2024-10-24 03:36:12,725.13,0.0
2024-10-24 04:18:24,725.13,0.0
2024-10-24 04:55:58,725.13,0.0
2024-10-24 05:26:53,725.13,0.0
2024-10-24 06:02:25,725.13,0.0
2024-10-24 06:39:04,725.13,0.0
2024-10-24 07:34:54,725.13,0.0
2024-10-24 08:27:18,725.13,0.0
2024-10-24 09:12:34,725.13,0.0
2024-10-24 10:06:03,725.13,0.0
2024-10-24 10:40:22,724.13,1.0
2024-10-24 11:40:00,724.13,0.0
2024-10-24 12:25:10,724.13,0.0
2024-10-24 13:11:37,724.13,0.0
2024-10-24 14:05:51,724.13,0.0
2024-10-24 14:59:15,724.13,0.0
2024-10-24 15:45:00,724.13,0.0
2024-10-24 16:35:58,723.13,1.0
2024-10-24 17:25:18,723.13,0.0
2024-10-24 18:12:30,723.13,0.0
2024-10-24 19:09:04,723.13,0.0
2024-10-24 19:59:08,723.13,0.0
2024-10-24 20:52:56,723.13,0.0
2024-10-24 21:35:43,723.13,0.0
2024-10-24 22:22:00,722.13,1.0
2024-10-24 23:15:33,722.13,0.0
2024-10-25 00:02:43,722.13,0.0
2024-10-25 00:38:01,722.13,0.0
2024-10-25 01:12:15,722.13,0.0
2024-10-25 01:43:08,722.13,0.0
2024-10-25 02:17:39,722.13,0.0
2024-10-25 03:04:11,722.13,0.0
2024-10-25 03:40:41,722.13,0.0
2024-10-25 04:29:20,722.13,0.0
2024-10-25 05:18:12,722.13,0.0
2024-10-25 06:16:18,722.13,0.0
2024-10-25 07:13:27,722.13,0.0
2024-10-25 08:10:50,722.13,0.0
2024-10-25 08:57:20,722.13,0.0
2024-10-25 09:40:00,722.13,0.0
2024-10-25 10:33:54,722.13,0.0
2024-10-25 11:13:16,722.13,0.0
2024-10-25 11:52:40,721.13,1.0
2024-10-25 12:46:17,721.13,0.0
2024-10-25 13:33:30,721.13,0.0
2024-10-25 14:30:12,721.13,0.0
2024-10-25 15:25:47,721.13,0.0
2024-10-25 16:03:56,721.13,0.0
2024-10-25 16:39:30,721.13,0.0
2024-10-25 17:30:31,720.68,0.4500000000000455
2024-10-25 18:23:14,720.68,0.0
2024-10-25 19:10:17,720.68,0.0
2024-10-25 19:57:28,720.68,0.0
2024-10-25 20:32:47,720.68,0.0
2024-10-25 21:11:42,720.68,0.0
2024-10-25 21:44:50,720.68,0.0
2024-10-25 22:43:00,719.68,1.0
2024-10-25 23:31:55,719.68,0.0
2024-10-26 00:03:26,718.68,1.0
2024-10-26 01:00:56,718.68,0.0
2024-10-26 01:56:10,718.68,0.0
2024-10-26 02:43:20,718.68,0.0
2024-10-26 03:21:53,718.68,0.0
2024-10-26 04:16:00,718.68,0.0
2024-10-26 04:58:59,718.68,0.0
2024-10-26 05:38:02,718.68,0.0
2024-10-26 06:18:08,718.68,0.0
2024-10-26 06:57:52,718.68,0.0
2024-10-26 07:49:12,718.68,0.0
2024-10-26 08:39:01,718.68,0.0
2024-10-26 09:36:21,718.68,0.0
2024-10-26 10:28:30,718.68,0.0
2024-10-26 11:02:57,718.68,0.0
2024-10-26 11:42:27,718.68,0.0
2024-10-26 12:28:57,718.68,0.0
2024-10-26 13:21:49,718.68,0.0
2024-10-26 14:19:11,718.68,0.0
2024-10-26 15:04:22,717.68,1.0
2024-10-26 16:04:14,717.68,0.0
2024-10-26 16:48:05,717.68,0.0
2024-10-26 17:45:18,717.68,0.0
2024-10-26 18:34:40,717.68,0.0
2024-10-26 19:07:18,716.68,1.0
2024-10-26 19:41:46,716.68,0.0
2024-10-26 20:20:47,716.68,0.0
2024-10-26 20:59:12,716.68,0.0
2024-10-26 21:53:36,716.68,0.0
2024-10-26 22:45:46,715.68,1.0
2024-10-26 23:41:20,715.68,0.0
2024-10-27 00:24:10,715.68,0.0
2024-10-27 01:17:43,715.68,0.0
2024-10-27 01:56:22,715.68,0.0
2024-10-27 02:49:00,715.68,0.0
2024-10-27 03:22:43,715.68,0.0
2024-10-27 04:06:41,715.68,0.0
2024-10-27 04:55:03,715.68,0.0
2024-10-27 05:29:07,715.68,0.0
2024-10-27 06:27:53,715.68,0.0
2024-10-27 07:27:19,715.68,0.0
2024-10-27 08:05:48,715.68,0.0
2024-10-27 08:56:18,715.68,0.0
2024-10-27 09:41:04,715.68,0.0
2024-10-27 10:27:09,715.68,0.0
2024-10-27 11:26:10,714.68,1.0
2024-10-27 12:15:50,714.68,0.0
2024-10-27 13:10:28,714.68,0.0
2024-10-27 13:49:55,714.68,0.0
2024-10-27 14:47:57,714.68,0.0
2024-10-27 15:44:17,713.68,1.0
2024-10-27 16:15:03,713.68,0.0
2024-10-27 16:50:03,713.68,0.0
2024-10-27 17:30:52,713.68,0.0
2024-10-27 18:07:12,713.68,0.0
2024-10-27 18:44:16,712.68,1.0
2024-10-27 19:26:04,712.68,0.0
2024-10-27 20:17:58,712.68,0.0
2024-10-27 21:14:56,712.68,0.0
2024-10-27 21:56:13,711.68,1.0
2024-10-27 22:45:55,711.68,0.0
2024-10-27 23:21:25,711.68,0.0
2024-10-28 00:05:44,711.68,0.0
2024-10-28 00:47:11,711.68,0.0
2024-10-28 01:29:41,711.68,0.0
2024-10-28 02:27:23,711.68,0.0
2024-10-28 03:15:13,711.68,0.0
2024-10-28 03:47:50,711.68,0.0
2024-10-28 04:35:44,711.68,0.0
2024-10-28 05:05:59,711.68,0.0
2024-10-28 05:36:07,711.68,0.0
2024-10-28 06:11:27,711.68,0.0
2024-10-28 06:57:57,711.68,0.0
2024-10-28 07:47:40,711.68,0.0
2024-10-28 08:26:43,711.68,0.0
2024-10-28 09:05:51,711.68,0.0
2024-10-28 09:55:56,711.68,0.0
2024-10-28 10:41:08,710.68,1.0
2024-10-28 11:23:26,710.68,0.0
2024-10-28 12:07:07,710.68,0.0
2024-10-28 13:06:41,710.68,0.0
2024-10-28 13:47:33,710.68,0.0
2024-10-28 14:39:19,710.68,0.0
2024-10-28 15:35:32,710.68,0.0
2024-10-28 16:29:57,709.68,1.0
2024-10-28 17:18:57,709.68,0.0
2024-10-28 18:13:51,709.68,0.0
2024-10-28 19:11:14,709.68,0.0
2024-10-28 19:41:18,709.68,0.0
2024-10-28 20:19:55,709.68,0.0
2024-10-28 21:19:40,709.68,0.0
2024-10-28 21:55:58,708.68,1.0
2024-10-28 22:45:53,708.68,0.0
2024-10-28 23:26:28,708.68,0.0
2024-10-29 00:17:00,707.68,1.0
2024-10-29 00:49:23,707.68,0.0
2024-10-29 01:40:37,707.68,0.0
2024-10-29 02:20:27,707.68,0.0
2024-10-29 03:11:01,707.68,0.0
2024-10-29 04:06:33,707.68,0.0
2024-10-29 05:04:59,707.68,0.0
2024-10-29 05:59:23,707.68,0.0
2024-10-29 06:50:57,707.68,0.0
2024-10-29 07:37:40,707.68,0.0
2024-10-29 08:36:50,707.68,0.0
2024-10-29 09:27:52,707.68,0.0
2024-10-29 10:10:22,707.68,0.0
2024-10-29 10:57:06,707.68,0.0
2024-10-29 11:44:12,707.43,0.25
2024-10-29 12:20:00,707.43,0.0
2024-10-29 12:50:12,707.43,0.0
2024-10-29 13:38:45,707.43,0.0
2024-10-29 14:11:57,707.43,0.0
2024-10-29 15:03:27,706.38,1.0499999999999545
2024-10-29 15:45:57,706.38,0.0
2024-10-29 16:32:31,706.38,0.0
2024-10-29 17:22:59,706.38,0.0
2024-10-29 17:59:55,706.38,0.0
2024-10-29 18:44:36,705.38,1.0
2024-10-29 19:24:56,705.38,0.0
2024-10-29 20:14:32,705.38,0.0
2024-10-29 21:06:50,705.38,0.0
2024-10-29 21:52:06,705.38,0.0
2024-10-29 22:22:20,704.33,1.0499999999999545
2024-10-29 22:52:33,704.33,0.0
2024-10-29 23:42:51,704.33,0.0
2024-10-30 00:21:39,704.33,0.0
2024-10-30 01:20:24,704.33,0.0
2024-10-30 01:57:29,704.33,0.0
2024-10-30 02:43:07,704.33,0.0
2024-10-30 03:39:33,704.33,0.0
2024-10-30 04:14:40,704.33,0.0
2024-10-30 05:13:47,704.33,0.0
2024-10-30 06:12:20,704.33,0.0
2024-10-30 06:48:04,704.33,0.0
2024-10-30 07:29:22,704.33,0.0
2024-10-30 08:21:16,704.33,0.0
2024-10-30 09:17:14,703.33,1.0
2024-10-30 10:07:11,703.33,0.0
2024-10-30 10:48:43,703.33,0.0
2024-10-30 11:45:20,703.33,0.0
2024-10-30 12:19:52,703.33,0.0
2024-10-30 13:13:13,703.33,0.0
2024-10-30 13:55:24,702.33,1.0
2024-10-30 14:49:57,702.33,0.0
2024-10-30 15:31:28,702.33,0.0
2024-10-30 16:20:08,702.33,0.0
2024-10-30 17:19:48,702.33,0.0
2024-10-30 18:11:00,702.33,0.0
2024-10-30 19:05:58,701.33,1.0
2024-10-30 19:52:11,701.33,0.0
2024-10-30 20:32:05,701.33,0.0
2024-10-30 21:11:40,701.33,0.0
2024-10-30 22:06:42,701.33,0.0
2024-10-30 23:01:21,700.33,1.0
2024-10-31 00:00:40,700.33,0.0
2024-10-31 00:42:01,700.33,0.0
2024-10-31 01:15:03,700.33,0.0
2024-10-31 02:00:14,700.33,0.0
2024-10-31 02:55:25,700.33,0.0
2024-10-31 03:35:16,700.33,0.0
2024-10-31 04:05:47,700.33,0.0
2024-10-31 04:40:20,700.33,0.0
2024-10-31 05:37:16,700.33,0.0
2024-10-31 06:24:57,700.33,0.0
2024-10-31 07:19:55,700.33,0.0
2024-10-31 08:04:06,700.33,0.0
2024-10-31 09:00:36,700.33,0.0
2024-10-31 09:50:47,700.33,0.0
2024-10-31 10:40:07,700.33,0.0
2024-10-31 11:19:00,700.33,0.0
2024-10-31 11:56:40,700.33,0.0
2024-10-31 12:37:53,700.33,0.0
2024-10-31 13:08:14,700.33,0.0
2024-10-31 13:45:17,700.33,0.0
2024-10-31 14:31:47,699.33,1.0
2024-10-31 15:30:54,699.33,0.0
2024-10-31 16:19:25,699.33,0.0
2024-10-31 16:57:49,699.33,0.0
2024-10-31 17:35:01,699.33,0.0
2024-10-31 18:21:08,699.33,0.0
2024-10-31 19:02:39,698.33,1.0
2024-10-31 19:36:01,698.33,0.0
2024-10-31 20:13:33,698.33,0.0
2024-10-31 21:10:44,697.28,1.0500000000000682
2024-10-31 21:53:58,697.28,0.0
2024-10-31 22:53:49,697.28,0.0
2024-10-31 23:47:54,697.28,0.0
2024-11-01 00:21:02,697.28,0.0
2024-11-01 01:14:22,697.28,0.0
2024-11-01 01:48:58,697.28,0.0
2024-11-01 02:43:17,697.28,0.0
2024-11-01 03:39:37,697.28,0.0
2024-11-01 04:31:40,697.28,0.0
2024-11-01 05:29:36,697.28,0.0
2024-11-01 06:16:34,697.28,0.0
2024-11-01 07:14:20,697.28,0.0
2024-11-01 08:37:37,697.28,0.0
2024-11-01 09:12:02,697.28,0.0
2024-11-01 09:48:18,697.28,0.0
2024-11-01 10:41:31,697.28,0.0
2024-11-01 11:28:33,697.28,0.0
2024-11-01 12:19:01,697.28,0.0
2024-11-01 13:18:57,696.28,1.0
2024-11-01 13:57:59,696.28,0.0
2024-11-01 14:42:23,696.28,0.0
2024-11-01 15:35:26,696.28,0.0
2024-11-01 16:31:59,696.28,0.0
2024-11-01 17:30:43,696.28,0.0
2024-11-01 18:16:10,695.28,1.0
2024-11-01 18:47:21,695.28,0.0
2024-11-01 19:27:10,725.28,0
2024-11-01 19:59:01,725.28,0.0
2024-11-01 20:53:51,725.28,0.0
2024-11-01 21:38:12,723.83,1.4499999999999318
2024-11-01 22:15:53,723.83,0.0
2024-11-01 22:58:41,723.83,0.0
2024-11-01 23:49:59,723.83,0.0
2024-11-02 00:36:14,722.78,1.0500000000000682
2024-11-02 01:32:30,722.78,0.0
2024-11-02 02:05:28,722.78,0.0
2024-11-02 03:03:23,722.78,0.0
2024-11-02 04:00:11,722.78,0.0
2024-11-02 04:58:42,722.78,0.0
2024-11-02 05:38:37,722.78,0.0
2024-11-02 06:21:51,722.78,0.0
2024-11-02 06:52:46,722.78,0.0
2024-11-02 07:47:23,722.78,0.0
2024-11-02 08:45:03,722.78,0.0
2024-11-02 09:16:35,722.78,0.0
2024-11-02 10:00:47,722.78,0.0
2024-11-02 10:32:40,722.78,0.0
2024-11-02 11:30:00,722.78,0.0
2024-11-02 12:09:08,722.78,0.0
2024-11-02 12:55:12,722.78,0.0
2024-11-02 13:53:35,722.78,0.0
2024-11-02 14:48:45,722.78,0.0
2024-11-02 15:44:17,721.78,1.0
2024-11-02 16:29:35,721.78,0.0
2024-11-02 17:26:31,720.78,1.0
2024-11-02 18:25:08,720.78,0.0
2024-11-02 19:18:39,720.78,0.0
2024-11-02 20:14:49,719.78,1.0
2024-11-02 20:46:24,719.78,0.0
2024-11-02 21:37:32,719.78,0.0
2024-11-02 22:17:38,718.73,1.0499999999999545
2024-11-02 23:07:04,718.73,0.0
2024-11-03 00:04:13,717.63,1.1000000000000227
2024-11-03 00:42:21,717.63,0.0
2024-11-03 01:40:26,717.63,0.0
2024-11-03 02:12:33,717.63,0.0
2024-11-03 02:58:43,717.63,0.0
2024-11-03 03:41:48,717.63,0.0
2024-11-03 04:17:04,717.63,0.0
2024-11-03 04:49:09,717.63,0.0
2024-11-03 05:48:07,717.63,0.0
2024-11-03 06:19:51,717.63,0.0
2024-11-03 07:00:56,717.63,0.0
2024-11-03 07:33:20,717.63,0.0
2024-11-03 08:32:27,717.63,0.0
2024-11-03 09:12:44,717.63,0.0
2024-11-03 09:47:22,717.63,0.0
2024-11-03 10:25:47,717.63,0.0
2024-11-03 11:09:29,717.63,0.0
2024-11-03 11:56:54,717.63,0.0
2024-11-03 12:27:14,717.63,0.0
2024-11-03 13:00:32,717.63,0.0
2024-11-03 13:33:31,716.58,1.0499999999999545
2024-11-03 14:18:34,716.58,0.0
2024-11-03 15:16:48,715.48,1.1000000000000227
2024-11-03 15:58:34,715.48,0.0
2024-11-03 16:55:12,715.48,0.0
2024-11-03 17:27:34,715.48,0.0
2024-11-03 18:12:23,715.48,0.0
2024-11-03 19:10:20,714.48,1.0
2024-11-03 19:52:07,714.48,0.0
2024-11-03 20:24:54,714.48,0.0
2024-11-03 21:02:27,714.48,0.0
2024-11-03 21:40:27,714.48,0.0
2024-11-03 22:29:37,714.48,0.0
2024-11-03 23:18:37,713.38,1.1000000000000227
2024-11-04 00:10:19,713.38,0.0
2024-11-04 01:04:04,713.38,0.0
2024-11-04 01:58:13,713.38,0.0
2024-11-04 02:39:14,713.38,0.0
2024-11-04 03:09:26,713.38,0.0
2024-11-04 03:47:10,713.38,0.0
2024-11-04 04:46:52,713.38,0.0
2024-11-04 05:43:43,713.38,0.0
2024-11-04 06:35:01,713.38,0.0
2024-11-04 07:34:18,713.38,0.0
2024-11-04 08:32:35,713.38,0.0
2024-11-04 09:29:44,713.38,0.0
2024-11-04 10:19:21,712.38,1.0
2024-11-04 10:56:03,712.38,0.0
2024-11-04 11:49:59,712.38,0.0
2024-11-04 12:40:17,712.38,0.0
2024-11-04 13:14:07,712.38,0.0
2024-11-04 13:51:20,712.38,0.0
2024-11-04 14:22:50,712.38,0.0
2024-11-04 15:09:11,712.38,0.0
2024-11-04 15:39:32,712.38,0.0
2024-11-04 16:24:08,712.38,0.0
2024-11-04 17:22:15,711.38,1.0
2024-11-04 18:06:55,711.38,0.0
2024-11-04 19:03:39,711.38,0.0
2024-11-04 19:53:05,711.38,0.0
2024-11-04 20:47:08,711.38,0.0
2024-11-04 21:21:36,711.38,0.0
2024-11-04 21:53:26,711.38,0.0
2024-11-04 22:27:57,710.38,1.0
2024-11-04 23:23:59,710.38,0.0
2024-11-04 23:55:04,710.38,0.0
2024-11-05 00:40:04,710.38,0.0
2024-11-05 01:38:43,710.38,0.0
2024-11-05 02:34:22,710.38,0.0
2024-11-05 03:07:52,710.38,0.0
2024-11-05 04:07:05,710.38,0.0
2024-11-05 04:51:16,710.38,0.0
2024-11-05 05:41:43,710.38,0.0
2024-11-05 06:20:47,710.38,0.0
2024-11-05 07:15:26,710.38,0.0
2024-11-05 07:48:01,709.38,1.0
2024-11-05 08:18:43,709.38,0.0
2024-11-05 08:49:42,709.38,0.0
2024-11-05 09:20:13,709.38,0.0
2024-11-05 10:16:17,709.38,0.0
2024-11-05 10:52:06,709.38,0.0
2024-11-05 11:26:50,709.38,0.0
2024-11-05 12:07:07,709.38,0.0
2024-11-05 12:59:25,709.38,0.0
2024-11-05 13:52:07,709.38,0.0
2024-11-05 14:51:02,709.38,0.0
2024-11-05 15:48:06,709.38,0.0
2024-11-05 16:21:16,709.38,0.0
2024-11-05 17:11:06,709.38,0.0
2024-11-05 17:53:20,708.38,1.0
2024-11-05 18:37:59,708.38,0.0
2024-11-05 19:33:58,708.38,0.0
2024-11-05 20:27:01,708.38,0.0
2024-11-05 21:04:06,707.33,1.0499999999999545
2024-11-05 21:58:08,707.33,0.0
2024-11-05 22:29:38,707.33,0.0
2024-11-05 23:16:07,706.33,1.0
2024-11-06 00:01:05,706.33,0.0
2024-11-06 00:38:00,706.33,0.0
2024-11-06 01:27:48,706.33,0.0
2024-11-06 02:13:10,706.33,0.0
2024-11-06 02:48:59,706.33,0.0
2024-11-06 03:21:31,706.33,0.0
2024-11-06 04:11:31,706.33,0.0
2024-11-06 04:55:59,706.33,0.0
2024-11-06 05:32:25,706.33,0.0
2024-11-06 06:08:28,706.33,0.0
2024-11-06 07:03:05,706.33,0.0
2024-11-06 07:44:10,706.33,0.0
2024-11-06 08:42:36,706.33,0.0
2024-11-06 09:13:42,706.33,0.0
2024-11-06 10:02:16,706.33,0.0
2024-11-06 11:00:52,706.33,0.0
2024-11-06 11:55:55,706.33,0.0
2024-11-06 12:44:41,706.33,0.0
2024-11-06 13:35:56,705.33,1.0
2024-11-06 14:07:07,705.33,0.0
2024-11-06 15:06:35,705.33,0.0
2024-11-06 16:02:52,705.33,0.0
2024-11-06 17:00:05,705.33,0.0
2024-11-06 17:37:29,704.33,1.0
2024-11-06 18:21:52,704.33,0.0
2024-11-06 18:53:11,704.33,0.0
2024-11-06 19:24:15,704.33,0.0
2024-11-06 20:05:43,704.33,0.0
2024-11-06 20:59:37,704.33,0.0
2024-11-06 21:53:31,704.33,0.0
2024-11-06 22:46:04,704.33,0.0
2024-11-06 23:34:51,704.33,0.0
2024-11-07 00:21:47,704.33,0.0
2024-11-07 01:01:46,704.33,0.0
2024-11-07 01:46:19,704.33,0.0
2024-11-07 02:18:05,704.33,0.0
2024-11-07 02:48:19,704.33,0.0
2024-11-07 03:23:18,704.33,0.0
2024-11-07 03:58:01,704.33,0.0
2024-11-07 04:51:40,704.33,0.0
2024-11-07 05:45:59,704.33,0.0
2024-11-07 06:24:14,703.33,1.0
2024-11-07 07:12:16,703.33,0.0
2024-11-07 08:09:34,703.33,0.0
2024-11-07 08:55:35,703.33,0.0
2024-11-07 09:31:03,703.33,0.0
2024-11-07 10:01:22,703.33,0.0
2024-11-07 10:38:38,703.33,0.0
2024-11-07 11:18:31,703.33,0.0
2024-11-07 12:08:49,703.33,0.0
2024-11-07 12:46:28,703.33,0.0
2024-11-07 13:46:18,703.33,0.0
2024-11-07 14:28:54,703.33,0.0
2024-11-07 15:08:50,703.33,0.0
2024-11-07 15:49:29,703.33,0.0
2024-11-07 16:45:42,703.33,0.0
2024-11-07 17:38:21,702.33,1.0
2024-11-07 18:33:43,702.33,0.0
2024-11-07 19:09:12,702.33,0.0
2024-11-07 19:46:11,702.33,0.0
2024-11-07 20:41:25,702.33,0.0
2024-11-07 21:15:58,702.33,0.0
2024-11-07 22:10:38,701.28,1.0500000000000682
2024-11-07 22:52:30,701.28,0.0
2024-11-07 23:51:11,700.28,1.0
2024-11-08 00:42:11,700.28,0.0
2024-11-08 01:21:04,700.28,0.0
2024-11-08 02:10:29,700.28,0.0
2024-11-08 03:10:23,700.28,0.0
2024-11-08 04:04:44,700.28,0.0
2024-11-08 04:37:14,700.28,0.0
2024-11-08 05:15:24,700.28,0.0
2024-11-08 06:13:55,700.28,0.0
2024-11-08 07:00:44,700.28,0.0
2024-11-08 07:34:16,700.28,0.0
2024-11-08 08:05:16,700.28,0.0
2024-11-08 08:41:59,700.28,0.0
2024-11-08 09:23:41,700.28,0.0
2024-11-08 10:04:31,700.28,0.0
2024-11-08 10:56:15,700.28,0.0
2024-11-08 11:37:35,700.28,0.0
2024-11-08 12:09:45,700.28,0.0
2024-11-08 13:05:32,700.28,0.0
2024-11-08 13:42:27,699.28,1.0
2024-11-08 14:20:24,699.28,0.0
2024-11-08 15:07:25,699.28,0.0
2024-11-08 15:38:42,699.28,0.0
2024-11-08 16:27:34,699.28,0.0
2024-11-08 17:21:41,698.63,0.6499999999999773
2024-11-08 18:05:29,698.63,0.0
2024-11-08 18:59:29,698.63,0.0
2024-11-08 19:52:27,698.63,0.0
2024-11-08 20:51:37,697.58,1.0499999999999545
2024-11-08 21:23:42,697.58,0.0
2024-11-08 22:00:53,697.58,0.0
2024-11-08 22:34:48,696.58,1.0
2024-11-08 23:18:13,696.58,0.0
2024-11-09 00:05:28,696.58,0.0
2024-11-09 01:03:05,696.58,0.0
2024-11-09 01:53:43,696.58,0.0
2024-11-09 02:24:23,696.58,0.0
2024-11-09 02:57:49,696.58,0.0
2024-11-09 03:30:34,696.58,0.0
2024-11-09 04:06:19,696.58,0.0
2024-11-09 04:50:12,696.58,0.0
2024-11-09 05:40:14,696.58,0.0
2024-11-09 06:31:22,696.58,0.0
2024-11-09 07:04:57,696.58,0.0
2024-11-09 07:48:17,696.58,0.0
2024-11-09 08:22:37,696.58,0.0
2024-11-09 09:05:25,696.58,0.0
2024-11-09 09:37:29,696.58,0.0
2024-11-09 10:31:06,696.58,0.0
2024-11-09 11:13:07,696.58,0.0
2024-11-09 12:00:56,696.58,0.0
2024-11-09 12:36:06,695.58,1.0
2024-11-09 13:28:48,695.58,0.0
2024-11-09 14:19:37,695.58,0.0
2024-11-09 14:54:15,695.58,0.0
2024-11-09 15:44:22,694.58,1.0
2024-11-09 16:18:08,694.58,0.0
2024-11-09 17:10:29,694.58,0.0
2024-11-09 17:53:43,694.58,0.0
2024-11-09 18:42:22,693.53,1.0500000000000682
2024-11-09 19:24:54,693.53,0.0
2024-11-09 20:11:46,692.48,1.0499999999999545
2024-11-09 20:55:51,692.48,0.0
2024-11-09 21:54:40,691.38,1.1000000000000227
2024-11-09 22:29:00,691.38,0.0
2024-11-09 23:03:19,691.38,0.0
2024-11-09 23:38:37,691.38,0.0
2024-11-10 00:11:31,691.38,0.0
2024-11-10 00:50:01,690.38,1.0
2024-11-10 01:33:57,690.38,0.0
2024-11-10 02:25:40,690.38,0.0
2024-11-10 03:11:51,690.38,0.0
2024-11-10 03:50:51,690.38,0.0
2024-11-10 04:31:58,690.38,0.0
2024-11-10 05:29:23,690.38,0.0
2024-11-10 06:00:25,690.38,0.0
2024-11-10 06:55:39,690.38,0.0
2024-11-10 07:46:51,690.38,0.0
2024-11-10 08:32:36,690.38,0.0
2024-11-10 09:27:56,690.38,0.0
2024-11-10 10:16:12,690.38,0.0
2024-11-10 11:14:41,690.38,0.0
2024-11-10 11:55:47,690.38,0.0
2024-11-10 12:43:32,690.38,0.0
2024-11-10 13:30:56,690.38,0.0
2024-11-10 14:03:21,690.38,0.0
2024-11-10 14:37:26,690.38,0.0
2024-11-10 15:34:20,689.38,1.0
2024-11-10 16:22:14,689.38,0.0
2024-11-10 16:54:56,689.38,0.0
2024-11-10 17:32:05,689.38,0.0
2024-11-10 18:12:47,689.38,0.0
2024-11-10 19:09:34,688.33,1.0499999999999545
2024-11-10 19:53:18,688.33,0.0
2024-11-10 20:34:30,687.33,1.0
2024-11-10 21:24:14,687.33,0.0
2024-11-10 21:55:57,687.33,0.0
2024-11-10 22:53:23,687.33,0.0
2024-11-10 23:52:05,687.33,0.0
2024-11-11 00:48:04,687.33,0.0
2024-11-11 01:29:50,687.33,0.0
2024-11-11 02:13:37,687.33,0.0
2024-11-11 03:09:35,687.33,0.0
2024-11-11 03:56:35,687.33,0.0
2024-11-11 04:37:10,687.33,0.0
2024-11-11 05:11:13,687.33,0.0
2024-11-11 05:41:32,687.33,0.0
2024-11-11 06:33:39,686.33,1.0
2024-11-11 07:26:54,686.33,0.0
2024-11-11 08:03:02,686.33,0.0
2024-11-11 08:48:19,686.33,0.0
2024-11-11 09:28:32,686.33,0.0
2024-11-11 10:27:50,686.33,0.0
2024-11-11 11:23:18,686.33,0.0
2024-11-11 12:04:54,686.33,0.0
2024-11-11 12:40:13,686.33,0.0
2024-11-11 13:14:09,686.33,0.0
2024-11-11 14:04:45,686.33,0.0
2024-11-11 15:01:28,686.33,0.0
2024-11-11 15:56:52,685.33,1.0
2024-11-11 16:46:20,685.33,0.0
2024-11-11 17:16:48,685.33,0.0
2024-11-11 18:13:06,685.33,0.0
2024-11-11 19:07:15,685.33,0.0
2024-11-11 19:45:16,685.33,0.0
2024-11-11 20:30:50,685.33,0.0
2024-11-11 21:10:19,685.33,0.0
2024-11-11 22:02:53,684.33,1.0
2024-11-11 22:59:15,684.33,0.0
2024-11-11 23:54:35,683.28,1.0500000000000682
2024-11-12 00:28:20,683.28,0.0
2024-11-12 00:58:33,683.28,0.0
2024-11-12 01:34:21,683.28,0.0
2024-11-12 02:30:49,683.28,0.0
2024-11-12 03:11:59,683.28,0.0
2024-11-12 03:48:45,683.28,0.0
2024-11-12 04:31:31,683.28,0.0
2024-11-12 05:05:58,683.28,0.0
2024-11-12 05:42:35,683.28,0.0
2024-11-12 06:15:28,683.28,0.0
2024-11-12 07:05:44,683.28,0.0
2024-11-12 07:45:16,683.28,0.0
2024-11-12 08:35:05,683.28,0.0
2024-11-12 09:27:16,683.28,0.0
2024-11-12 10:26:41,683.28,0.0
2024-11-12 11:14:35,683.28,0.0
2024-11-12 12:09:51,683.28,0.0
2024-11-12 12:51:07,683.28,0.0
2024-11-12 13:44:35,682.28,1.0
2024-11-12 14:39:04,682.28,0.0
2024-11-12 15:25:44,682.28,0.0
2024-11-12 15:57:34,682.28,0.0
2024-11-12 16:35:05,682.28,0.0
2024-11-12 17:18:53,682.28,0.0
2024-11-12 18:15:30,682.28,0.0
2024-11-12 19:04:50,681.28,1.0
2024-11-12 20:02:56,681.28,0.0
2024-11-12 20:46:47,681.28,0.0
2024-11-12 21:46:13,680.23,1.0499999999999545
2024-11-12 22:17:02,680.23,0.0
2024-11-12 23:13:09,680.23,0.0
2024-11-13 00:03:32,680.23,0.0
2024-11-13 00:55:28,680.23,0.0
2024-11-13 01:48:56,680.23,0.0
2024-11-13 02:35:05,680.23,0.0
2024-11-13 03:31:49,680.23,0.0
2024-11-13 04:02:26,680.23,0.0
2024-11-13 04:40:36,680.23,0.0
2024-11-13 05:40:18,680.23,0.0
2024-11-13 06:26:13,680.23,0.0
2024-11-13 07:19:37,680.23,0.0
2024-11-13 08:03:06,680.23,0.0
2024-11-13 08:46:15,680.23,0.0
2024-11-13 09:41:35,679.23,1.0
2024-11-13 10:13:52,679.23,0.0
2024-11-13 10:47:29,679.23,0.0
2024-11-13 11:38:28,679.23,0.0
2024-11-13 12:35:34,679.23,0.0
2024-11-13 13:12:00,679.23,0.0
2024-11-13 13:42:07,679.23,0.0
2024-11-13 14:19:51,679.23,0.0
2024-11-13 14:50:37,678.23,1.0
2024-11-13 15:47:24,678.23,0.0
2024-11-13 16:28:12,678.23,0.0
2024-11-13 17:11:49,678.23,0.0
2024-11-13 18:01:59,678.23,0.0
2024-11-13 18:42:57,678.23,0.0
2024-11-13 19:40:41,677.23,1.0
2024-11-13 20:34:37,677.23,0.0
2024-11-13 21:07:11,677.23,0.0
2024-11-13 21:39:06,677.23,0.0
2024-11-13 22:09:32,677.23,0.0
2024-11-13 23:01:22,676.23,1.0
2024-11-13 23:41:55,676.23,0.0
2024-11-14 00:19:52,676.23,0.0
2024-11-14 01:01:31,676.23,0.0
2024-11-14 01:40:10,676.23,0.0
2024-11-14 02:25:19,676.23,0.0
2024-11-14 03:18:07,676.23,0.0
2024-11-14 03:57:39,676.23,0.0
2024-11-14 04:46:54,676.23,0.0
2024-11-14 05:22:55,676.23,0.0
2024-11-14 06:17:56,676.23,0.0
2024-11-14 07:02:37,676.23,0.0
2024-11-14 07:49:48,676.23,0.0
2024-11-14 08:47:05,676.23,0.0
2024-11-14 09:40:29,676.23,0.0
2024-11-14 10:36:24,676.23,0.0
2024-11-14 11:17:20,676.23,0.0
2024-11-14 11:53:35,676.23,0.0
2024-11-14 12:26:14,675.23,1.0
2024-11-14 13:11:49,675.23,0.0
2024-11-14 13:58:02,675.23,0.0
2024-11-14 14:55:18,675.23,0.0
2024-11-14 15:55:16,675.23,0.0
2024-11-14 16:27:26,675.23,0.0
2024-11-14 17:23:42,674.23,1.0
2024-11-14 18:13:22,674.23,0.0
2024-11-14 19:02:22,674.23,0.0
2024-11-14 19:38:46,673.23,1.0
2024-11-14 20:15:28,673.23,0.0
2024-11-14 20:46:10,673.23,0.0
2024-11-14 21:35:26,672.13,1.1000000000000227
2024-11-14 22:34:12,672.13,0.0
2024-11-14 23:28:06,671.13,1.0
2024-11-15 00:02:05,671.13,0.0
2024-11-15 00:35:36,671.13,0.0
2024-11-15 01:32:18,671.13,0.0
2024-11-15 02:20:38,671.13,0.0
2024-11-15 02:56:02,671.13,0.0
2024-11-15 03:39:38,671.13,0.0
2024-11-15 04:23:39,671.13,0.0
2024-11-15 05:16:53,671.13,0.0
2024-11-15 05:55:36,671.13,0.0
2024-11-15 06:45:03,671.13,0.0
2024-11-15 07:28:10,671.13,0.0
2024-11-15 08:24:57,671.13,0.0
2024-11-15 09:03:47,671.13,0.0
2024-11-15 09:38:06,671.13,0.0
2024-11-15 10:37:10,670.13,1.0
2024-11-15 11:11:10,669.98,0.14999999999997726
2024-11-15 12:01:49,669.98,0.0
2024-11-15 12:58:44,669.98,0.0
2024-11-15 13:41:32,669.98,0.0
2024-11-15 14:28:07,668.93,1.0500000000000682
2024-11-15 15:05:09,668.93,0.0
2024-11-15 15:49:47,668.93,0.0
2024-11-15 16:49:08,668.93,0.0
2024-11-15 17:43:26,667.88,1.0499999999999545
2024-11-15 18:36:48,667.88,0.0
2024-11-15 19:30:20,667.88,0.0
2024-11-15 20:24:25,666.88,1.0
2024-11-15 21:12:21,666.88,0.0
2024-11-15 22:09:47,665.88,1.0
2024-11-15 22:42:05,665.88,0.0
2024-11-15 23:26:56,665.88,0.0
2024-11-16 00:15:49,665.88,0.0
2024-11-16 00:53:32,665.88,0.0
2024-11-16 01:38:39,665.88,0.0
2024-11-16 02:23:33,665.88,0.0
2024-11-16 02:56:36,665.88,0.0
2024-11-16 03:56:39,665.88,0.0
2024-11-16 04:51:52,665.88,0.0
2024-11-16 05:30:11,665.88,0.0
2024-11-16 06:09:06,665.88,0.0
2024-11-16 06:45:31,665.88,0.0
2024-11-16 07:25:24,665.88,0.0
2024-11-16 07:57:24,665.88,0.0
2024-11-16 08:38:28,665.88,0.0
2024-11-16 09:08:43,665.88,0.0
2024-11-16 09:43:29,665.88,0.0
2024-11-16 10:36:22,664.88,1.0
2024-11-16 11:18:37,664.88,0.0
2024-11-16 11:59:55,664.88,0.0
2024-11-16 12:48:50,664.88,0.0
2024-11-16 13:28:41,664.88,0.0
2024-11-16 14:00:23,664.88,0.0
2024-11-16 14:48:58,663.88,1.0
2024-11-16 15:20:19,663.88,0.0
2024-11-16 16:09:52,663.88,0.0
2024-11-16 16:44:08,663.88,0.0
2024-11-16 17:35:35,662.88,1.0
2024-11-16 18:07:30,662.88,0.0
2024-11-16 19:05:50,662.88,0.0
2024-11-16 20:03:51,662.88,0.0
2024-11-16 20:51:44,661.83,1.0499999999999545
2024-11-16 21:29:34,661.83,0.0
2024-11-16 22:24:18,660.83,1.0
2024-11-16 23:23:07,660.83,0.0
2024-11-16 23:55:59,660.83,0.0
2024-11-17 00:42:00,660.83,0.0
2024-11-17 01:35:12,660.83,0.0
2024-11-17 02:22:20,660.83,0.0
2024-11-17 03:05:55,660.83,0.0
2024-11-17 03:50:44,660.83,0.0
2024-11-17 04:46:18,660.83,0.0
2024-11-17 05:45:23,660.83,0.0
2024-11-17 06:18:50,660.83,0.0
2024-11-17 07:18:49,660.83,0.0
2024-11-17 07:53:37,660.83,0.0
2024-11-17 08:40:16,660.83,0.0
2024-11-17 09:30:29,660.83,0.0
2024-11-17 10:06:19,660.83,0.0
2024-11-17 10:52:12,660.83,0.0
2024-11-17 11:22:28,660.83,0.0
2024-11-17 12:00:54,660.83,0.0
2024-11-17 12:55:25,659.83,1.0
2024-11-17 13:28:17,659.83,0.0
2024-11-17 14:00:41,659.83,0.0
2024-11-17 14:52:00,659.83,0.0
2024-11-17 15:22:56,659.83,0.0
2024-11-17 16:20:37,658.83,1.0
2024-11-17 17:07:43,658.83,0.0
2024-11-17 17:47:59,657.83,1.0
2024-11-17 18:20:48,657.83,0.0
2024-11-17 18:59:43,657.83,0.0
2024-11-17 19:59:13,656.78,1.0500000000000682
2024-11-17 20:45:36,656.78,0.0
2024-11-17 21:35:17,656.78,0.0
2024-11-17 22:22:54,656.78,0.0
2024-11-17 23:04:07,655.78,1.0
2024-11-18 00:03:07,655.78,0.0
2024-11-18 00:51:08,655.78,0.0
2024-11-18 01:38:33,655.78,0.0
2024-11-18 02:20:52,655.78,0.0
2024-11-18 02:55:13,655.78,0.0
2024-11-18 03:29:42,655.78,0.0
2024-11-18 04:22:09,655.78,0.0
2024-11-18 04:54:00,655.78,0.0
2024-11-18 05:32:20,655.78,0.0
2024-11-18 06:06:37,655.78,0.0
2024-11-18 06:46:32,655.78,0.0
2024-11-18 07:23:11,655.78,0.0
2024-11-18 08:13:41,655.78,0.0
2024-11-18 08:54:34,655.78,0.0
2024-11-18 09:42:06,655.78,0.0
2024-11-18 10:24:47,655.78,0.0
2024-11-18 11:24:36,654.78,1.0
2024-11-18 12:24:32,654.78,0.0
2024-11-18 13:10:47,654.78,0.0
2024-11-18 14:09:54,654.78,0.0
2024-11-18 14:51:11,654.78,0.0
2024-11-18 15:35:57,654.78,0.0
2024-11-18 16:26:50,654.78,0.0
2024-11-18 17:06:31,653.78,1.0
2024-11-18 17:42:46,653.78,0.0
2024-11-18 18:34:18,653.78,0.0
2024-11-18 19:28:08,653.78,0.0
2024-11-18 20:14:47,653.78,0.0
2024-11-18 21:04:02,652.73,1.0499999999999545
2024-11-18 21:46:44,652.73,0.0
2024-11-18 22:32:25,651.63,1.1000000000000227
2024-11-18 23:15:01,651.63,0.0
2024-11-19 00:08:44,650.48,1.1499999999999773
2024-11-19 00:41:19,650.48,0.0
2024-11-19 01:28:54,650.48,0.0
2024-11-19 02:20:27,650.48,0.0
2024-11-19 03:05:19,650.48,0.0
2024-11-19 03:38:24,650.48,0.0
2024-11-19 04:25:38,650.48,0.0
2024-11-19 04:57:10,650.48,0.0
2024-11-19 05:30:30,650.48,0.0
2024-11-19 06:02:17,650.48,0.0
2024-11-19 06:36:52,650.48,0.0
2024-11-19 07:24:12,650.48,0.0
2024-11-19 08:04:38,650.48,0.0
2024-11-19 08:49:03,650.48,0.0
2024-11-19 09:48:48,650.48,0.0
2024-11-19 10:28:35,650.48,0.0
2024-11-19 11:05:02,650.48,0.0
2024-11-19 11:55:12,649.88,0.6000000000000227
2024-11-19 12:38:13,649.88,0.0
2024-11-19 13:26:54,649.88,0.0
2024-11-19 14:15:28,649.88,0.0
2024-11-19 14:47:08,649.88,0.0
2024-11-19 15:38:01,648.88,1.0
2024-11-19 16:15:56,648.88,0.0
2024-11-19 17:05:04,647.78,1.1000000000000227
2024-11-19 17:44:09,647.78,0.0
2024-11-19 18:15:07,647.78,0.0
2024-11-19 18:58:14,646.58,1.1999999999999318
2024-11-19 19:47:12,645.33,1.25
2024-11-19 20:34:36,644.03,1.3000000000000682
2024-11-19 21:14:29,644.03,0.0
2024-11-19 21:53:24,642.83,1.1999999999999318
2024-11-19 22:33:02,641.73,1.1000000000000227
2024-11-19 23:09:22,641.73,0.0
2024-11-19 23:46:00,641.73,0.0
2024-11-20 00:20:36,640.73,1.0
2024-11-20 01:17:56,640.73,0.0
2024-11-20 02:00:24,639.73,1.0
2024-11-20 02:56:44,639.73,0.0
2024-11-20 03:34:47,639.73,0.0
2024-11-20 04:16:45,638.68,1.0500000000000682
2024-11-20 04:59:57,638.68,0.0
2024-11-20 05:57:58,637.63,1.0499999999999545
2024-11-20 06:50:13,637.63,0.0
2024-11-20 07:36:06,637.63,0.0
2024-11-20 08:31:59,636.58,1.0499999999999545
2024-11-20 09:29:47,636.58,0.0
2024-11-20 10:15:19,635.53,1.0500000000000682
2024-11-20 10:50:41,635.53,0.0
2024-11-20 11:36:17,635.53,0.0
2024-11-20 12:06:26,635.53,0.0
2024-11-20 13:00:11,635.53,0.0
2024-11-20 13:40:31,635.53,0.0
2024-11-20 14:18:05,635.53,0.0
2024-11-20 15:05:16,634.48,1.0499999999999545
2024-11-20 16:02:41,634.48,0.0
2024-11-20 16:39:00,634.48,0.0
2024-11-20 17:24:25,634.48,0.0
2024-11-20 18:17:39,634.48,0.0
2024-11-20 18:50:03,634.48,0.0
2024-11-20 19:22:33,634.48,0.0
2024-11-20 20:19:28,633.48,1.0
2024-11-20 21:16:41,633.48,0.0
2024-11-20 21:54:08,633.48,0.0
2024-11-20 22:50:46,633.48,0.0
2024-11-20 23:46:45,632.48,1.0
2024-11-21 00:39:31,632.48,0.0
2024-11-21 01:19:31,631.43,1.0500000000000682
2024-11-21 02:03:25,631.43,0.0
2024-11-21 02:46:47,631.43,0.0
2024-11-21 03:38:48,630.43,1.0
2024-11-21 04:33:51,630.43,0.0
2024-11-21 05:14:54,630.43,0.0
2024-11-21 06:00:17,629.43,1.0
2024-11-21 06:38:54,629.43,0.0
2024-11-21 07:22:50,628.38,1.0499999999999545
2024-11-21 08:07:38,628.38,0.0
2024-11-21 08:54:19,628.38,0.0
2024-11-21 09:53:00,627.33,1.0499999999999545
2024-11-21 10:47:28,627.33,0.0
2024-11-21 11:19:36,627.33,0.0
2024-11-21 12:06:55,626.33,1.0
2024-11-21 12:52:03,626.33,0.0
2024-11-21 13:42:44,626.33,0.0
2024-11-21 14:17:18,625.33,1.0
2024-11-21 14:54:51,625.33,0.0
2024-11-21 15:26:33,625.33,0.0
2024-11-21 16:01:11,625.03,0.3000000000000682
2024-11-21 16:57:46,625.03,0.0
2024-11-21 17:33:05,625.03,0.0
2024-11-21 18:28:54,625.03,0.0
2024-11-21 19:07:39,623.98,1.0499999999999545
2024-11-21 20:00:14,623.98,0.0
2024-11-21 20:36:05,622.83,1.1499999999999773
2024-11-21 21:14:00,622.83,0.0
2024-11-21 22:11:28,621.68,1.150000000000091
2024-11-21 23:02:16,621.68,0.0
2024-11-21 23:49:36,620.53,1.1499999999999773
2024-11-22 00:33:04,620.53,0.0
2024-11-22 01:20:11,619.53,1.0
2024-11-22 01:57:27,619.53,0.0
2024-11-22 02:42:22,619.53,0.0
2024-11-22 03:25:57,619.53,0.0
2024-11-22 03:57:29,619.53,0.0
2024-11-22 04:56:52,618.53,1.0
2024-11-22 05:51:13,618.53,0.0
2024-11-22 06:39:44,617.53,1.0
2024-11-22 07:35:59,617.53,0.0
2024-11-22 08:29:27,617.53,0.0
2024-11-22 09:15:40,616.48,1.0499999999999545
2024-11-22 10:03:10,616.48,0.0
2024-11-22 10:40:24,616.48,0.0
2024-11-22 11:31:02,615.73,0.75
2024-11-22 12:30:04,615.73,0.0
2024-11-22 13:03:27,615.73,0.0
2024-11-22 13:40:46,615.73,0.0
2024-11-22 14:13:56,615.73,0.0
2024-11-22 15:05:28,614.73,1.0
2024-11-22 15:54:20,614.73,0.0
2024-11-22 16:35:58,614.73,0.0
2024-11-22 17:16:03,613.73,1.0
2024-11-22 17:53:28,613.73,0.0
2024-11-22 18:26:53,613.73,0.0
2024-11-22 19:25:01,613.73,0.0
2024-11-22 20:05:47,612.68,1.0500000000000682
2024-11-22 20:38:44,612.68,0.0
2024-11-22 21:16:21,612.68,0.0
2024-11-22 22:02:46,612.68,0.0
2024-11-22 22:46:45,611.58,1.099999999999909
2024-11-22 23:39:41,610.58,1.0
2024-11-23 00:36:52,610.58,0.0
2024-11-23 01:21:02,609.58,1.0
2024-11-23 01:57:14,609.58,0.0
2024-11-23 02:47:11,609.58,0.0
2024-11-23 03:33:33,608.58,1.0
2024-11-23 04:22:49,608.58,0.0
2024-11-23 05:22:16,607.53,1.0500000000000682
2024-11-23 06:18:27,607.53,0.0
2024-11-23 07:02:32,607.53,0.0
2024-11-23 07:56:54,606.48,1.0499999999999545
2024-11-23 08:29:37,606.48,0.0
2024-11-23 09:16:38,605.43,1.0500000000000682
2024-11-23 10:02:36,605.43,0.0
2024-11-23 10:47:05,605.43,0.0
2024-11-23 11:28:18,604.43,1.0
2024-11-23 12:04:39,604.43,0.0
2024-11-23 12:51:34,603.43,1.0
2024-11-23 13:23:00,603.43,0.0
2024-11-23 13:57:06,603.43,0.0
2024-11-23 14:34:28,603.43,0.0
2024-11-23 15:26:23,602.43,1.0
2024-11-23 16:03:44,602.43,0.0
2024-11-23 16:42:22,602.43,0.0
2024-11-23 17:16:36,602.43,0.0
2024-11-23 17:59:06,601.43,1.0
2024-11-23 18:34:22,601.43,0.0
2024-11-23 19:21:09,601.43,0.0
2024-11-23 20:10:09,600.28,1.1499999999999773
2024-11-23 20:58:26,599.28,1.0
2024-11-23 21:50:13,599.28,0.0
2024-11-23 22:46:12,598.08,1.1999999999999318
2024-11-23 23:37:40,597.03,1.0500000000000682
2024-11-24 00:33:53,597.03,0.0
2024-11-24 01:11:22,597.03,0.0
2024-11-24 02:09:19,596.03,1.0
2024-11-24 02:45:54,596.03,0.0
2024-11-24 03:32:13,596.03,0.0
2024-11-24 04:14:31,594.98,1.0499999999999545
2024-11-24 05:10:52,594.98,0.0
2024-11-24 05:44:57,594.98,0.0
2024-11-24 06:20:46,593.93,1.0500000000000682
2024-11-24 07:05:36,593.93,0.0
2024-11-24 07:41:36,592.93,1.0
2024-11-24 08:35:15,592.93,0.0
2024-11-24 09:29:33,592.93,0.0
2024-11-24 10:02:29,591.83,1.099999999999909
2024-11-24 10:47:57,591.83,0.0
2024-11-24 11:18:22,591.83,0.0
2024-11-24 12:05:30,590.78,1.0500000000000682
2024-11-24 12:36:42,590.78,0.0
2024-11-24 13:14:19,589.78,1.0
2024-11-24 13:51:00,589.78,0.0
2024-11-24 14:32:56,589.78,0.0
2024-11-24 15:20:55,589.78,0.0
2024-11-24 16:16:52,589.78,0.0
2024-11-24 17:02:13,589.78,0.0
2024-11-24 17:58:15,588.78,1.0
2024-11-24 18:39:31,588.78,0.0
2024-11-24 19:30:54,588.78,0.0
2024-11-24 20:13:09,588.78,0.0
2024-11-24 20:54:20,588.78,0.0
2024-11-24 21:52:20,587.73,1.0499999999999545
2024-11-24 22:30:36,587.73,0.0
2024-11-24 23:18:18,586.68,1.0500000000000682
2024-11-25 00:01:59,585.58,1.099999999999909
2024-11-25 00:48:33,585.58,0.0
2024-11-25 01:30:53,585.58,0.0
2024-11-25 02:13:05,584.53,1.0500000000000682
2024-11-25 03:05:12,584.53,0.0
2024-11-25 03:46:22,583.53,1.0
2024-11-25 04:39:08,583.53,0.0
2024-11-25 05:38:07,582.53,1.0
2024-11-25 06:17:42,582.53,0.0
2024-11-25 06:57:19,581.43,1.1000000000000227
2024-11-25 07:40:04,581.43,0.0
2024-11-25 08:31:04,581.43,0.0
2024-11-25 09:01:59,580.38,1.0499999999999545
2024-11-25 10:00:55,580.38,0.0
2024-11-25 10:45:34,579.33,1.0499999999999545
2024-11-25 11:31:23,579.33,0.0
2024-11-25 12:08:49,579.33,0.0
2024-11-25 13:04:27,578.33,1.0
2024-11-25 14:01:44,578.33,0.0
2024-11-25 14:36:16,578.33,0.0
2024-11-25 15:08:30,578.33,0.0
2024-11-25 15:50:20,578.33,0.0
2024-11-25 16:28:00,577.33,1.0
2024-11-25 17:21:43,577.33,0.0
2024-11-25 18:20:22,577.33,0.0
2024-11-25 19:06:51,577.33,0.0
2024-11-25 19:45:15,576.28,1.0500000000000682
2024-11-25 20:29:48,576.28,0.0
2024-11-25 21:08:04,576.28,0.0
2024-11-25 22:04:14,575.28,1.0
2024-11-25 22:42:11,575.28,0.0
2024-11-25 23:13:11,574.18,1.1000000000000227
2024-11-26 00:00:40,574.18,0.0
2024-11-26 00:54:19,573.13,1.0499999999999545
2024-11-26 01:39:20,573.13,0.0
2024-11-26 02:22:23,572.08,1.0499999999999545
2024-11-26 02:57:21,572.08,0.0
2024-11-26 03:35:48,572.08,0.0
2024-11-26 04:30:07,571.08,1.0
2024-11-26 05:22:26,571.08,0.0
2024-11-26 05:53:35,570.08,1.0
2024-11-26 06:33:36,570.08,0.0
2024-11-26 07:15:44,569.08,1.0
2024-11-26 08:11:50,569.08,0.0
2024-11-26 08:43:17,569.08,0.0
2024-11-26 09:42:10,567.98,1.1000000000000227
2024-11-26 10:36:47,567.98,0.0
2024-11-26 11:10:41,566.88,1.1000000000000227
2024-11-26 11:59:10,566.88,0.0
2024-11-26 12:37:09,566.88,0.0
2024-11-26 13:20:28,566.88,0.0
2024-11-26 13:54:49,565.88,1.0
2024-11-26 14:25:32,565.88,0.0
2024-11-26 15:24:21,565.88,0.0
2024-11-26 16:07:16,565.88,0.0
2024-11-26 17:05:02,565.88,0.0
2024-11-26 17:48:30,565.88,0.0
2024-11-26 18:40:26,564.88,1.0
2024-11-26 19:20:29,564.88,0.0
2024-11-26 20:15:56,563.78,1.1000000000000227
2024-11-26 20:54:00,562.73,1.0499999999999545
2024-11-26 21:36:33,561.73,1.0
2024-11-26 22:23:48,561.73,0.0
2024-11-26 23:18:32,561.73,0.0
2024-11-26 23:55:20,560.63,1.1000000000000227
2024-11-27 00:45:51,560.63,0.0
2024-11-27 01:23:57,559.58,1.0499999999999545
2024-11-27 02:12:54,559.58,0.0
2024-11-27 03:06:24,558.53,1.0500000000000682
2024-11-27 04:01:08,558.53,0.0
2024-11-27 04:44:06,557.53,1.0
2024-11-27 05:16:04,557.53,0.0
2024-11-27 06:06:51,557.53,0.0
2024-11-27 06:38:08,556.48,1.0499999999999545
2024-11-27 07:29:50,556.48,0.0
2024-11-27 08:04:56,555.43,1.0500000000000682
2024-11-27 08:39:07,555.43,0.0
2024-11-27 09:20:28,555.43,0.0
2024-11-27 10:04:25,554.38,1.0499999999999545
2024-11-27 10:36:06,554.38,0.0
2024-11-27 11:21:17,554.38,0.0
2024-11-27 11:57:21,554.38,0.0
2024-11-27 12:48:34,554.38,0.0
2024-11-27 13:18:43,554.38,0.0
2024-11-27 14:13:40,554.38,0.0
2024-11-27 15:12:32,554.38,0.0
2024-11-27 16:09:46,553.38,1.0
2024-11-27 16:48:50,553.38,0.0
2024-11-27 17:41:19,553.38,0.0
2024-11-27 18:29:53,553.38,0.0
2024-11-27 19:14:28,553.38,0.0
2024-11-27 20:10:23,553.38,0.0
2024-11-27 20:51:19,553.38,0.0
2024-11-27 21:21:52,553.38,0.0
2024-11-27 21:57:05,552.18,1.2000000000000455
2024-11-27 22:36:05,552.18,0.0
2024-11-27 23:33:18,550.98,1.1999999999999318
2024-11-28 00:28:55,549.78,1.2000000000000455
2024-11-28 01:23:38,549.78,0.0
2024-11-28 02:19:53,548.68,1.1000000000000227
2024-11-28 03:14:04,547.63,1.0499999999999545
2024-11-28 04:01:33,547.63,0.0
2024-11-28 05:00:14,546.58,1.0499999999999545
2024-11-28 05:40:11,546.58,0.0
2024-11-28 06:32:31,545.58,1.0
2024-11-28 07:12:32,545.58,0.0
2024-11-28 08:07:52,544.48,1.1000000000000227
2024-11-28 08:40:31,544.48,0.0
2024-11-28 09:24:53,543.43,1.0500000000000682
2024-11-28 10:03:37,543.43,0.0
2024-11-28 11:01:57,542.68,0.75
2024-11-28 11:56:31,542.68,0.0
2024-11-28 12:53:08,542.68,0.0
2024-11-28 13:36:17,541.68,1.0
2024-11-28 14:13:17,541.68,0.0
2024-11-28 14:59:09,541.68,0.0
2024-11-28 15:52:06,541.68,0.0
2024-11-28 16:50:09,540.63,1.0499999999999545
2024-11-28 17:30:29,540.63,0.0
2024-11-28 18:23:04,540.63,0.0
2024-11-28 19:00:38,540.63,0.0
2024-11-28 19:55:02,539.53,1.1000000000000227
2024-11-28 20:36:59,539.53,0.0
2024-11-28 21:31:08,538.48,1.0499999999999545
2024-11-28 22:15:05,538.48,0.0
2024-11-28 23:00:00,538.48,0.0
2024-11-28 23:46:31,537.48,1.0
2024-11-29 00:41:05,537.48,0.0
2024-11-29 01:40:32,536.48,1.0
2024-11-29 02:17:49,536.48,0.0
2024-11-29 03:14:30,535.48,1.0
2024-11-29 03:48:59,535.48,0.0
2024-11-29 04:19:22,535.48,0.0
2024-11-29 04:55:58,534.38,1.1000000000000227
2024-11-29 05:33:30,534.38,0.0
2024-11-29 06:16:38,534.38,0.0
2024-11-29 07:10:00,533.33,1.0499999999999545
2024-11-29 08:09:01,532.23,1.1000000000000227
2024-11-29 09:04:21,532.23,0.0
2024-11-29 10:03:25,531.23,1.0
2024-11-29 10:58:26,531.23,0.0
2024-11-29 11:40:08,531.23,0.0
2024-11-29 12:39:04,531.23,0.0
2024-11-29 13:17:03,531.23,0.0
2024-11-29 13:55:24,530.23,1.0
2024-11-29 14:44:13,530.23,0.0
2024-11-29 15:34:17,530.23,0.0
2024-11-29 16:08:17,530.23,0.0
2024-11-29 17:06:52,529.23,1.0
2024-11-29 17:43:58,529.23,0.0
2024-11-29 18:24:52,529.23,0.0
2024-11-29 19:22:10,529.23,0.0
2024-11-29 20:03:41,528.18,1.0500000000000682
2024-11-29 20:54:49,528.18,0.0
2024-11-29 21:25:30,528.18,0.0
2024-11-29 22:24:22,528.18,0.0
2024-11-29 22:57:38,527.13,1.0499999999999545
2024-11-29 23:53:06,527.13,0.0
2024-11-30 00:25:11,525.98,1.1499999999999773
2024-11-30 01:09:57,525.98,0.0
2024-11-30 01:57:02,524.98,1.0
2024-11-30 02:31:59,524.98,0.0
2024-11-30 03:28:13,524.98,0.0
2024-11-30 03:59:15,523.98,1.0
2024-11-30 04:50:32,523.98,0.0
2024-11-30 05:47:06,522.93,1.0500000000000682
2024-11-30 06:28:23,522.93,0.0
2024-11-30 06:59:19,522.93,0.0
2024-11-30 07:29:26,521.93,1.0
2024-11-30 08:18:03,521.93,0.0
2024-11-30 08:52:38,520.93,1.0
2024-11-30 09:50:38,520.93,0.0
2024-11-30 10:30:07,520.93,0.0
2024-11-30 11:15:07,519.93,1.0
2024-11-30 12:00:46,519.93,0.0
2024-11-30 12:47:00,519.93,0.0
2024-11-30 13:27:24,519.93,0.0
2024-11-30 13:58:37,519.93,0.0
2024-11-30 14:51:54,518.93,1.0
2024-11-30 15:51:02,518.93,0.0
2024-11-30 16:26:57,518.93,0.0
2024-11-30 17:02:43,518.93,0.0
2024-11-30 17:56:33,518.93,0.0
2024-11-30 18:38:37,518.93,0.0
2024-11-30 19:19:28,518.93,0.0
2024-11-30 20:09:27,517.88,1.0499999999999545
2024-11-30 20:58:09,517.88,0.0
2024-11-30 21:31:17,517.88,0.0
2024-11-30 22:31:03,517.88,0.0
2024-11-30 23:17:08,516.88,1.0
2024-12-01 00:00:36,516.88,0.0
2024-12-01 00:57:36,516.88,0.0
2024-12-01 01:33:57,516.88,0.0
2024-12-01 02:03:57,516.88,0.0
2024-12-01 02:59:46,516.88,0.0
2024-12-01 03:35:12,516.88,0.0
2024-12-01 04:32:52,516.88,0.0
2024-12-01 05:24:26,516.88,0.0
2024-12-01 06:13:38,516.88,0.0
2024-12-01 06:57:12,516.88,0.0
2024-12-01 07:46:41,516.88,0.0
2024-12-01 08:23:11,515.88,1.0
2024-12-01 09:05:15,515.88,0.0
2024-12-01 09:48:22,515.88,0.0
2024-12-01 10:31:26,515.88,0.0
2024-12-01 11:28:04,545.88,0
2024-12-01 12:15:14,545.88,0.0
2024-12-01 12:53:16,545.88,0.0
2024-12-01 13:25:18,545.88,0.0
2024-12-01 14:19:54,545.88,0.0
2024-12-01 15:19:47,544.63,1.25
2024-12-01 16:14:26,544.63,0.0
2024-12-01 16:58:04,544.63,0.0
2024-12-01 17:37:47,544.63,0.0
2024-12-01 18:31:34,543.63,1.0
2024-12-01 19:11:34,543.63,0.0
2024-12-01 19:46:59,543.63,0.0
2024-12-01 20:22:49,543.63,0.0
2024-12-01 20:59:02,543.63,0.0
2024-12-01 21:56:06,542.53,1.1000000000000227
2024-12-01 22:37:00,541.33,1.1999999999999318
2024-12-01 23:08:28,541.33,0.0
2024-12-01 23:58:27,540.33,1.0
2024-12-02 00:48:01,540.33,0.0
2024-12-02 01:20:57,539.23,1.1000000000000227
2024-12-02 02:02:05,539.23,0.0
2024-12-02 02:54:15,539.23,0.0
2024-12-02 03:47:34,538.18,1.0500000000000682
2024-12-02 04:29:51,538.18,0.0
2024-12-02 05:21:57,537.08,1.099999999999909
2024-12-02 06:13:24,537.08,0.0
2024-12-02 06:52:01,537.08,0.0
2024-12-02 07:47:56,536.03,1.0500000000000682
2024-12-02 08:18:46,536.03,0.0
2024-12-02 09:17:53,534.98,1.0499999999999545
2024-12-02 09:57:09,534.98,0.0
2024-12-02 10:28:09,534.98,0.0
2024-12-02 11:00:20,534.98,0.0
2024-12-02 11:36:03,534.98,0.0
2024-12-02 12:32:18,534.98,0.0
2024-12-02 13:13:53,533.98,1.0
2024-12-02 14:06:19,533.98,0.0
2024-12-02 14:56:27,533.98,0.0
2024-12-02 15:50:53,533.98,0.0
2024-12-02 16:47:22,533.98,0.0
2024-12-02 17:25:56,533.98,0.0
2024-12-02 18:20:58,533.98,0.0
2024-12-02 19:05:38,532.98,1.0
2024-12-02 19:56:56,532.98,0.0
2024-12-02 20:34:40,532.98,0.0
2024-12-02 21:14:00,532.98,0.0
2024-12-02 21:53:13,531.98,1.0
2024-12-02 22:29:05,531.98,0.0
2024-12-02 23:19:03,530.88,1.1000000000000227
2024-12-03 00:16:26,529.88,1.0
2024-12-03 01:07:03,529.88,0.0
2024-12-03 01:45:50,529.88,0.0
2024-12-03 02:42:52,528.83,1.0499999999999545
2024-12-03 03:13:20,528.83,0.0
2024-12-03 04:08:22,528.83,0.0
2024-12-03 04:53:43,527.83,1.0
2024-12-03 05:25:21,527.83,0.0
2024-12-03 06:22:56,526.83,1.0
2024-12-03 07:06:30,526.83,0.0
2024-12-03 07:58:22,526.83,0.0
2024-12-03 08:36:18,525.78,1.0500000000000682
2024-12-03 09:33:17,525.78,0.0
2024-12-03 10:16:04,524.78,1.0
2024-12-03 11:15:10,524.78,0.0
2024-12-03 12:14:53,524.78,0.0
2024-12-03 13:04:10,524.78,0.0
2024-12-03 13:43:38,524.78,0.0
2024-12-03 14:17:53,524.78,0.0
2024-12-03 14:54:09,524.78,0.0
2024-12-03 15:45:21,523.78,1.0
2024-12-03 16:33:00,523.78,0.0
2024-12-03 17:15:07,523.78,0.0
2024-12-03 18:08:14,523.78,0.0
2024-12-03 18:48:03,523.78,0.0
2024-12-03 19:23:50,522.78,1.0
2024-12-03 20:21:53,522.78,0.0
2024-12-03 21:19:11,522.78,0.0
2024-12-03 21:57:36,522.78,0.0
2024-12-03 22:57:21,521.73,1.0499999999999545
2024-12-03 23:46:59,521.73,0.0
2024-12-04 00:18:36,521.73,0.0
2024-12-04 00:50:12,521.73,0.0
2024-12-04 01:41:08,521.73,0.0
2024-12-04 02:16:46,521.73,0.0
2024-12-04 03:10:38,521.73,0.0
2024-12-04 03:57:06,521.73,0.0
2024-12-04 04:42:32,521.73,0.0
2024-12-04 05:23:52,521.73,0.0
2024-12-04 06:07:13,521.73,0.0
2024-12-04 06:45:46,521.73,0.0
2024-12-04 07:31:47,520.73,1.0
2024-12-04 08:10:53,520.73,0.0
2024-12-04 08:47:29,520.73,0.0
2024-12-04 09:33:48,520.73,0.0
2024-12-04 10:05:23,520.73,0.0
2024-12-04 10:57:58,520.73,0.0
2024-12-04 11:54:41,520.73,0.0
2024-12-04 12:42:03,520.73,0.0
2024-12-04 13:16:52,519.73,1.0
2024-12-04 13:59:59,519.73,0.0
2024-12-04 14:45:40,519.73,0.0
2024-12-04 15:24:58,519.73,0.0
2024-12-04 16:22:11,519.73,0.0
2024-12-04 16:52:23,519.73,0.0
2024-12-04 17:45:45,519.73,0.0
2024-12-04 18:42:43,518.73,1.0
2024-12-04 19:42:45,518.73,0.0
2024-12-04 20:28:30,518.73,0.0
2024-12-04 21:22:27,518.73,0.0
2024-12-04 22:19:46,517.63,1.1000000000000227
2024-12-04 23:06:38,516.58,1.0499999999999545
2024-12-04 23:55:07,516.58,0.0
2024-12-05 00:40:21,515.53,1.0500000000000682
2024-12-05 01:21:15,515.53,0.0
2024-12-05 02:18:39,515.53,0.0
2024-12-05 03:16:45,514.48,1.0499999999999545
2024-12-05 03:59:19,514.48,0.0
2024-12-05 04:38:32,513.48,1.0
2024-12-05 05:15:25,513.48,0.0
2024-12-05 06:09:27,513.48,0.0
2024-12-05 06:43:08,512.43,1.0500000000000682
2024-12-05 07:41:09,512.43,0.0
2024-12-05 08:30:08,511.43,0.9999999999999432
2024-12-05 09:17:52,511.43,0.0
2024-12-05 10:12:35,511.43,0.0
2024-12-05 11:04:33,511.43,0.0
2024-12-05 11:41:38,511.43,0.0
2024-12-05 12:31:06,511.43,0.0
2024-12-05 13:05:59,511.43,0.0
2024-12-05 14:02:00,510.38,1.0500000000000114
2024-12-05 14:45:03,510.38,0.0
2024-12-05 15:26:40,510.38,0.0
2024-12-05 16:24:56,510.38,0.0
2024-12-05 17:13:26,510.38,0.0
2024-12-05 18:08:07,510.38,0.0
2024-12-05 19:02:52,509.38,1.0
2024-12-05 19:47:52,508.38,1.0
2024-12-05 20:44:57,508.38,0.0
2024-12-05 21:34:33,507.23,1.1499999999999773
2024-12-05 22:17:27,507.23,0.0
2024-12-05 23:00:35,506.18,1.0500000000000114
2024-12-05 23:55:46,505.08,1.1000000000000227
2024-12-06 00:26:51,505.08,0.0
2024-12-06 01:21:22,504.08,1.0
2024-12-06 01:59:15,504.08,0.0
2024-12-06 02:33:06,504.08,0.0
2024-12-06 03:21:52,503.03,1.0500000000000114
2024-12-06 04:02:05,503.03,0.0
2024-12-06 04:53:07,503.03,0.0
2024-12-06 05:29:26,501.98,1.0499999999999545
2024-12-06 06:04:08,501.98,0.0
2024-12-06 06:55:27,501.98,0.0
2024-12-06 07:53:31,500.93,1.0500000000000114
2024-12-06 08:45:58,500.93,0.0
2024-12-06 09:45:36,499.88,1.0500000000000114
2024-12-06 10:42:16,499.88,0.0
2024-12-06 11:27:23,499.88,0.0
2024-12-06 12:12:16,499.88,0.0
2024-12-06 12:47:30,498.88,1.0
2024-12-06 13:44:14,498.88,0.0
2024-12-06 14:18:04,497.83,1.0500000000000114
2024-12-06 14:49:11,497.83,0.0
2024-12-06 15:34:29,497.83,0.0
2024-12-06 16:09:01,496.78,1.0500000000000114
2024-12-06 17:00:30,496.78,0.0
2024-12-06 17:57:20,495.78,1.0
2024-12-06 18:32:37,495.78,0.0
2024-12-06 19:16:06,495.78,0.0
2024-12-06 20:09:34,495.78,0.0
2024-12-06 21:06:27,494.53,1.25
2024-12-06 21:57:16,493.38,1.1499999999999773
2024-12-06 22:43:31,492.18,1.1999999999999886
2024-12-06 23:15:40,490.88,1.3000000000000114
2024-12-07 00:06:50,489.88,1.0
2024-12-07 00:46:10,489.88,0.0
2024-12-07 01:28:50,488.83,1.0500000000000114
2024-12-07 02:16:02,487.78,1.0500000000000114
2024-12-07 02:57:51,486.73,1.0499999999999545
2024-12-07 03:46:10,486.73,0.0
2024-12-07 04:39:00,485.68,1.0500000000000114
2024-12-07 05:14:09,484.68,1.0
2024-12-07 05:53:59,483.63,1.0500000000000114
2024-12-07 06:27:51,483.63,0.0
2024-12-07 07:19:48,482.63,1.0
2024-12-07 07:59:40,481.58,1.0500000000000114
2024-12-07 08:52:36,480.53,1.0500000000000114
2024-12-07 09:35:56,480.53,0.0
2024-12-07 10:21:42,479.53,1.0
2024-12-07 11:00:18,478.73,0.7999999999999545
2024-12-07 11:51:17,478.73,0.0
2024-12-07 12:46:47,478.73,0.0
2024-12-07 13:41:13,477.73,1.0
2024-12-07 14:19:49,477.73,0.0
2024-12-07 15:19:38,477.73,0.0
2024-12-07 15:55:20,476.68,1.0500000000000114
2024-12-07 16:25:54,476.68,0.0
2024-12-07 16:57:19,476.68,0.0
2024-12-07 17:28:52,476.68,0.0
2024-12-07 18:15:37,476.68,0.0
2024-12-07 19:07:46,475.68,1.0
2024-12-07 19:59:47,475.68,0.0
2024-12-07 20:33:40,474.68,1.0
2024-12-07 21:14:32,474.68,0.0
2024-12-07 21:59:18,474.68,0.0
2024-12-07 22:48:27,473.58,1.1000000000000227
2024-12-07 23:47:48,472.48,1.099999999999966
2024-12-08 00:23:16,472.48,0.0
2024-12-08 01:18:55,472.48,0.0
2024-12-08 01:53:16,471.48,1.0
2024-12-08 02:36:49,471.48,0.0
2024-12-08 03:18:41,471.48,0.0
2024-12-08 03:51:53,470.48,1.0
2024-12-08 04:39:47,470.48,0.0
2024-12-08 05:21:41,469.48,1.0
2024-12-08 06:08:54,469.48,0.0
2024-12-08 06:39:20,469.48,0.0
2024-12-08 07:14:36,468.43,1.0500000000000114
2024-12-08 07:58:35,468.43,0.0
2024-12-08 08:40:57,468.43,0.0
2024-12-08 09:19:44,467.38,1.0500000000000114
2024-12-08 10:07:58,467.38,0.0
2024-12-08 10:49:48,466.33,1.0500000000000114
2024-12-08 11:21:18,466.33,0.0
2024-12-08 12:18:13,466.33,0.0
2024-12-08 13:05:56,466.33,0.0
2024-12-08 13:39:41,466.33,0.0
2024-12-08 14:29:02,465.33,1.0
2024-12-08 15:25:18,465.33,0.0
2024-12-08 16:10:26,465.33,0.0
2024-12-08 16:57:06,464.33,1.0
2024-12-08 17:33:38,464.33,0.0
2024-12-08 18:26:30,464.33,0.0
2024-12-08 18:57:07,463.23,1.099999999999966
2024-12-08 19:40:35,462.23,1.0
2024-12-08 20:26:06,462.23,0.0
2024-12-08 21:25:31,460.98,1.25
2024-12-08 22:18:43,459.98,1.0
2024-12-08 23:12:27,458.98,1.0
2024-12-08 23:48:07,458.98,0.0
2024-12-09 00:43:38,457.93,1.0500000000000114
2024-12-09 01:29:51,457.93,0.0
2024-12-09 02:03:18,456.88,1.0500000000000114
2024-12-09 02:43:01,456.88,0.0
2024-12-09 03:33:32,455.83,1.0500000000000114
2024-12-09 04:04:26,455.83,0.0
2024-12-09 04:38:35,455.83,0.0
2024-12-09 05:26:49,454.83,1.0
2024-12-09 06:09:33,454.83,0.0
2024-12-09 07:04:44,453.83,1.0
2024-12-09 07:38:29,452.83,1.0
2024-12-09 08:20:39,452.83,0.0
2024-12-09 08:57:46,452.38,0.44999999999998863
2024-12-09 09:39:31,452.38,0.0
2024-12-09 10:38:26,451.38,1.0
2024-12-09 11:23:58,450.38,1.0
2024-12-09 11:54:18,450.38,0.0
2024-12-09 12:49:11,449.28,1.1000000000000227
2024-12-09 13:42:03,449.28,0.0
2024-12-09 14:39:59,449.28,0.0
2024-12-09 15:23:00,449.28,0.0
2024-12-09 16:09:32,449.28,0.0
2024-12-09 16:43:11,449.28,0.0
2024-12-09 17:40:20,448.28,1.0
2024-12-09 18:39:26,448.08,0.19999999999998863
2024-12-09 19:22:25,448.08,0.0
2024-12-09 20:08:16,448.08,0.0
2024-12-09 20:49:00,447.03,1.0500000000000114
2024-12-09 21:44:29,445.88,1.1499999999999773
2024-12-09 22:32:20,444.88,1.0
2024-12-09 23:16:52,444.88,0.0
2024-12-10 00:00:05,443.83,1.0500000000000114
2024-12-10 00:33:21,443.83,0.0
2024-12-10 01:16:06,442.78,1.0500000000000114
2024-12-10 02:12:11,442.78,0.0
2024-12-10 03:00:18,441.73,1.0499999999999545
2024-12-10 03:50:00,441.73,0.0
2024-12-10 04:24:55,441.73,0.0
2024-12-10 05:16:51,440.73,1.0
2024-12-10 05:50:41,440.73,0.0
2024-12-10 06:38:57,439.63,1.1000000000000227
2024-12-10 07:32:44,439.63,0.0
2024-12-10 08:29:37,438.63,1.0
2024-12-10 09:00:57,438.63,0.0
2024-12-10 09:41:46,437.53,1.1000000000000227
2024-12-10 10:17:50,437.53,0.0
2024-12-10 11:05:40,437.53,0.0
2024-12-10 11:43:09,437.53,0.0
2024-12-10 12:22:04,437.53,0.0
2024-12-10 13:02:16,437.53,0.0
2024-12-10 13:45:11,436.53,1.0
2024-12-10 14:25:32,436.53,0.0
2024-12-10 15:14:15,436.53,0.0
2024-12-10 15:44:20,436.53,0.0
2024-12-10 16:44:20,436.53,0.0
2024-12-10 17:33:19,435.53,1.0
2024-12-10 18:18:44,435.53,0.0
2024-12-10 19:14:16,435.53,0.0
2024-12-10 19:51:43,435.53,0.0
2024-12-10 20:34:35,435.53,0.0
2024-12-10 21:19:43,434.53,1.0
2024-12-10 22:11:14,433.43,1.099999999999966
2024-12-10 22:42:08,432.23,1.1999999999999886
2024-12-10 23:23:46,431.23,1.0
2024-12-11 00:22:39,430.23,1.0
2024-12-11 01:07:04,429.13,1.1000000000000227
2024-12-11 01:41:37,429.13,0.0
2024-12-11 02:20:18,428.08,1.0500000000000114
2024-12-11 03:17:18,427.03,1.0500000000000114
2024-12-11 03:50:36,427.03,0.0
2024-12-11 04:32:15,426.03,1.0
2024-12-11 05:14:44,425.03,1.0
2024-12-11 05:57:45,425.03,0.0
2024-12-11 06:57:40,423.88,1.1499999999999773
2024-12-11 07:39:45,422.73,1.1499999999999773
2024-12-11 08:33:41,421.68,1.0500000000000114
2024-12-11 09:15:22,421.68,0.0
2024-12-11 10:01:26,420.58,1.1000000000000227
2024-12-11 10:55:46,420.58,0.0
2024-12-11 11:51:36,420.58,0.0
2024-12-11 12:23:15,420.58,0.0
2024-12-11 13:22:02,419.53,1.0500000000000114
2024-12-11 14:21:26,419.53,0.0
2024-12-11 15:18:19,419.53,0.0
2024-12-11 16:05:05,419.53,0.0
2024-12-11 16:42:37,419.53,0.0
2024-12-11 17:29:22,419.53,0.0
2024-12-11 18:16:48,418.53,1.0
2024-12-11 18:48:54,418.53,0.0
2024-12-11 19:46:45,418.53,0.0
2024-12-11 20:24:41,418.53,0.0
2024-12-11 21:02:33,418.53,0.0
2024-12-11 22:01:58,418.53,0.0
2024-12-11 22:53:51,417.38,1.1499999999999773
2024-12-11 23:42:15,415.03,2.3500000000000227
2024-12-12 00:25:13,415.03,0.0
2024-12-12 01:17:15,413.88,1.1499999999999773
2024-12-12 02:16:06,412.78,1.1000000000000227
2024-12-12 03:06:13,411.73,1.0499999999999545
2024-12-12 04:00:47,410.68,1.0500000000000114
2024-12-12 04:43:32,410.68,0.0
2024-12-12 05:31:03,409.63,1.0500000000000114
2024-12-12 06:27:22,408.63,1.0
2024-12-12 07:22:51,407.63,1.0
2024-12-12 08:10:24,406.58,1.0500000000000114
2024-12-12 08:43:21,406.58,0.0
2024-12-12 09:31:02,405.53,1.0500000000000114
2024-12-12 10:23:23,404.48,1.0499999999999545
2024-12-12 10:59:11,404.48,0.0
2024-12-12 11:38:54,404.48,0.0
2024-12-12 12:33:32,404.48,0.0
2024-12-12 13:24:36,404.48,0.0
2024-12-12 14:19:35,403.48,1.0
2024-12-12 14:52:57,403.48,0.0
2024-12-12 15:27:30,403.48,0.0
2024-12-12 16:17:24,403.48,0.0
2024-12-12 17:09:36,403.48,0.0
2024-12-12 17:45:23,403.48,0.0
2024-12-12 18:15:59,402.43,1.0500000000000114
2024-12-12 18:51:32,402.43,0.0
2024-12-12 19:31:54,402.43,0.0
2024-12-12 20:06:42,402.43,0.0
2024-12-12 21:04:43,401.38,1.0500000000000114
2024-12-12 22:00:26,401.38,0.0
2024-12-12 22:36:47,400.28,1.1000000000000227
2024-12-12 23:28:18,399.18,1.099999999999966
2024-12-13 00:03:11,397.98,1.1999999999999886
2024-12-13 00:40:42,397.98,0.0
2024-12-13 01:31:51,397.98,0.0
2024-12-13 02:29:57,396.93,1.0500000000000114
2024-12-13 03:00:20,396.93,0.0
2024-12-13 03:55:13,395.88,1.0500000000000114
2024-12-13 04:47:17,395.88,0.0
2024-12-13 05:18:38,394.88,1.0
2024-12-13 05:57:56,394.88,0.0
2024-12-13 06:34:42,394.88,0.0
2024-12-13 07:13:07,393.83,1.0500000000000114
2024-12-13 07:52:21,393.83,0.0
2024-12-13 08:37:15,393.83,0.0
2024-12-13 09:20:24,392.78,1.0500000000000114
2024-12-13 10:03:04,392.78,0.0
2024-12-13 10:45:49,392.78,0.0
2024-12-13 11:38:05,392.78,0.0
2024-12-13 12:14:52,392.78,0.0
2024-12-13 12:57:42,391.73,1.0499999999999545
2024-12-13 13:34:43,391.73,0.0
2024-12-13 14:08:47,391.73,0.0
2024-12-13 15:00:29,391.73,0.0
2024-12-13 15:36:47,391.73,0.0
2024-12-13 16:25:06,390.73,1.0
2024-12-13 17:08:12,390.73,0.0
2024-12-13 18:07:58,390.73,0.0
2024-12-13 18:59:35,390.73,0.0
2024-12-13 19:49:46,390.73,0.0
2024-12-13 20:32:28,389.73,1.0
2024-12-13 21:07:12,389.73,0.0
2024-12-13 22:02:57,388.63,1.1000000000000227
2024-12-13 22:42:59,387.48,1.1499999999999773
2024-12-13 23:16:39,387.48,0.0
2024-12-13 23:48:43,386.43,1.0500000000000114
2024-12-14 00:40:51,385.38,1.0500000000000114
2024-12-14 01:27:41,385.38,0.0
2024-12-14 02:13:50,385.38,0.0
2024-12-14 02:44:11,384.33,1.0500000000000114
2024-12-14 03:41:03,384.33,0.0
2024-12-14 04:40:23,383.23,1.099999999999966
2024-12-14 05:11:20,383.23,0.0
2024-12-14 05:49:23,382.18,1.0500000000000114
2024-12-14 06:31:11,382.18,0.0
2024-12-14 07:09:34,381.18,1.0
2024-12-14 08:04:00,381.18,0.0
2024-12-14 09:03:01,380.13,1.0500000000000114
2024-12-14 09:47:46,380.13,0.0
2024-12-14 10:18:09,380.13,0.0
2024-12-14 11:13:36,379.13,1.0
2024-12-14 12:02:00,379.13,0.0
2024-12-14 12:45:35,379.13,0.0
2024-12-14 13:18:51,379.13,0.0
2024-12-14 14:16:49,379.13,0.0
2024-12-14 15:02:19,378.08,1.0500000000000114
2024-12-14 15:54:52,378.08,0.0
2024-12-14 16:27:44,378.08,0.0
2024-12-14 17:10:37,378.08,0.0
2024-12-14 18:08:14,378.08,0.0
2024-12-14 18:52:55,378.08,0.0
2024-12-14 19:28:31,377.03,1.0500000000000114
2024-12-14 20:12:58,377.03,0.0
2024-12-14 20:48:44,375.78,1.25
2024-12-14 21:31:24,374.63,1.1499999999999773
2024-12-14 22:23:54,373.53,1.1000000000000227
2024-12-14 23:02:06,372.23,1.2999999999999545
2024-12-14 23:56:41,371.18,1.0500000000000114
2024-12-15 00:51:36,370.18,1.0
2024-12-15 01:32:26,369.03,1.150000000000034
2024-12-15 02:28:37,367.98,1.0499999999999545
2024-12-15 03:15:19,367.98,0.0
2024-12-15 04:04:42,366.88,1.1000000000000227
2024-12-15 04:45:43,365.88,1.0
2024-12-15 05:40:03,364.88,1.0
2024-12-15 06:28:50,364.88,0.0
2024-12-15 07:20:43,363.73,1.1499999999999773
2024-12-15 08:18:40,362.73,1.0
2024-12-15 09:10:46,361.63,1.1000000000000227
2024-12-15 10:09:24,361.63,0.0
2024-12-15 11:01:02,361.63,0.0
2024-12-15 11:48:45,360.63,1.0
2024-12-15 12:21:17,360.63,0.0
2024-12-15 13:08:56,360.63,0.0
2024-12-15 13:58:25,360.63,0.0
2024-12-15 14:37:21,360.63,0.0
2024-12-15 15:34:43,360.63,0.0
2024-12-15 16:28:17,359.63,1.0
2024-12-15 17:13:27,359.63,0.0
2024-12-15 18:03:49,359.63,0.0
2024-12-15 18:40:07,359.63,0.0
2024-12-15 19:25:14,359.63,0.0
2024-12-15 20:09:40,358.58,1.0500000000000114
2024-12-15 20:59:46,358.58,0.0
2024-12-15 21:59:45,357.38,1.1999999999999886
2024-12-15 22:45:16,356.28,1.1000000000000227
2024-12-15 23:33:00,355.18,1.099999999999966
2024-12-16 00:24:27,354.18,1.0
2024-12-16 01:10:03,353.08,1.1000000000000227
2024-12-16 01:40:21,353.08,0.0
2024-12-16 02:34:06,352.08,1.0
2024-12-16 03:21:35,352.08,0.0
2024-12-16 03:59:27,351.08,1.0
2024-12-16 04:39:20,351.08,0.0
2024-12-16 05:18:29,350.08,1.0
2024-12-16 06:12:55,349.08,1.0
2024-12-16 07:02:38,348.08,1.0
2024-12-16 07:59:09,348.08,0.0
2024-12-16 08:54:16,347.08,1.0
2024-12-16 09:28:55,347.08,0.0
2024-12-16 10:26:08,346.03,1.0500000000000114
2024-12-16 11:23:06,345.03,1.0
2024-12-16 12:02:33,343.98,1.0499999999999545
2024-12-16 12:42:49,343.98,0.0
2024-12-16 13:24:30,342.83,1.150000000000034
2024-12-16 13:59:59,342.83,0.0
2024-12-16 14:37:49,341.68,1.1499999999999773
2024-12-16 15:29:19,341.68,0.0
2024-12-16 16:20:20,340.58,1.1000000000000227
2024-12-16 17:15:00,339.48,1.099999999999966
2024-12-16 18:06:20,339.48,0.0
2024-12-16 18:38:49,338.43,1.0500000000000114
2024-12-16 19:32:23,338.43,0.0
2024-12-16 20:24:53,338.43,0.0
2024-12-16 21:14:12,337.33,1.1000000000000227
2024-12-16 21:57:23,337.33,0.0
2024-12-16 22:28:04,336.28,1.0500000000000114
2024-12-16 23:27:23,335.28,1.0
2024-12-17 00:10:04,335.28,0.0
2024-12-17 01:06:57,334.18,1.099999999999966
2024-12-17 02:03:25,333.18,1.0
2024-12-17 02:57:12,333.18,0.0
2024-12-17 03:41:06,332.18,1.0
2024-12-17 04:40:11,332.18,0.0
2024-12-17 05:35:08,331.18,1.0
2024-12-17 06:17:00,331.18,0.0
2024-12-17 06:48:40,330.08,1.1000000000000227
2024-12-17 07:48:28,330.08,0.0
2024-12-17 08:25:35,329.03,1.0500000000000114
2024-12-17 09:22:25,329.03,0.0
2024-12-17 10:13:32,327.93,1.099999999999966
2024-12-17 10:57:02,327.93,0.0
2024-12-17 11:39:51,327.93,0.0
2024-12-17 12:19:43,327.93,0.0
2024-12-17 13:10:44,327.93,0.0
2024-12-17 14:01:32,326.88,1.0500000000000114
2024-12-17 14:41:21,326.88,0.0
2024-12-17 15:38:50,326.88,0.0
2024-12-17 16:19:10,326.88,0.0
2024-12-17 17:19:11,325.88,1.0
2024-12-17 17:52:19,325.88,0.0
2024-12-17 18:44:03,325.88,0.0
2024-12-17 19:15:17,325.88,0.0
2024-12-17 19:59:27,324.83,1.0500000000000114
2024-12-17 20:54:06,324.83,0.0
2024-12-17 21:53:16,323.63,1.1999999999999886
2024-12-17 22:41:28,322.43,1.1999999999999886
2024-12-17 23:39:01,321.28,1.150000000000034
2024-12-18 00:26:45,321.28,0.0
2024-12-18 01:26:45,320.28,1.0
2024-12-18 02:21:19,319.08,1.1999999999999886
2024-12-18 03:19:13,317.93,1.1499999999999773
2024-12-18 04:01:23,316.78,1.150000000000034
2024-12-18 05:00:15,315.63,1.1499999999999773
2024-12-18 05:48:41,314.48,1.1499999999999773
2024-12-18 06:22:57,314.48,0.0
2024-12-18 07:06:34,313.33,1.150000000000034
2024-12-18 07:54:31,312.23,1.099999999999966
2024-12-18 08:45:53,312.23,0.0
2024-12-18 09:24:09,311.13,1.1000000000000227
2024-12-18 10:20:25,310.03,1.1000000000000227
2024-12-18 11:01:50,310.03,0.0
2024-12-18 11:35:14,310.03,0.0
2024-12-18 12:22:56,310.03,0.0
2024-12-18 12:57:20,308.93,1.099999999999966
2024-12-18 13:38:49,308.93,0.0
2024-12-18 14:35:59,307.83,1.1000000000000227
2024-12-18 15:22:57,306.83,1.0
2024-12-18 16:02:30,306.83,0.0
2024-12-18 16:36:37,306.83,0.0
2024-12-18 17:34:16,306.83,0.0
2024-12-18 18:21:51,306.83,0.0
2024-12-18 19:13:52,305.83,1.0
2024-12-18 20:10:56,305.83,0.0
2024-12-18 20:47:42,305.83,0.0
2024-12-18 21:25:34,305.83,0.0
2024-12-18 22:01:23,305.83,0.0
2024-12-18 23:00:28,304.78,1.0500000000000114
2024-12-18 23:55:57,303.68,1.099999999999966
2024-12-19 00:51:59,302.68,1.0
2024-12-19 01:38:56,302.68,0.0
2024-12-19 02:19:18,301.48,1.1999999999999886
2024-12-19 03:14:57,300.33,1.150000000000034
2024-12-19 04:13:52,299.18,1.1499999999999773
2024-12-19 04:50:01,298.03,1.150000000000034
2024-12-19 05:34:30,298.03,0.0
2024-12-19 06:19:45,296.88,1.1499999999999773
2024-12-19 07:11:33,295.78,1.1000000000000227
2024-12-19 07:42:15,294.63,1.1499999999999773
2024-12-19 08:36:48,293.48,1.1499999999999773
2024-12-19 09:19:37,292.43,1.0500000000000114
2024-12-19 09:50:52,292.43,0.0
2024-12-19 10:24:13,292.43,0.0
2024-12-19 10:57:48,292.43,0.0
2024-12-19 11:36:37,291.43,1.0
2024-12-19 12:31:11,291.43,0.0
2024-12-19 13:04:44,291.43,0.0
2024-12-19 13:43:26,291.43,0.0
2024-12-19 14:34:50,291.43,0.0
2024-12-19 15:12:03,290.43,1.0
2024-12-19 16:06:10,290.43,0.0
2024-12-19 17:04:20,290.23,0.19999999999998863
2024-12-19 17:58:05,290.23,0.0
2024-12-19 18:38:46,290.23,0.0
2024-12-19 19:11:44,290.23,0.0
2024-12-19 20:00:59,289.23,1.0
2024-12-19 20:37:50,289.23,0.0
2024-12-19 21:26:14,288.08,1.150000000000034
2024-12-19 22:07:48,286.83,1.25
2024-12-19 22:47:47,285.78,1.0500000000000114
2024-12-19 23:31:39,284.78,1.0
2024-12-20 00:15:21,282.53,2.25
2024-12-20 00:56:01,282.53,0.0
2024-12-20 01:29:39,281.33,1.1999999999999886
2024-12-20 02:26:42,280.13,1.1999999999999886
2024-12-20 03:12:24,280.13,0.0
2024-12-20 03:55:04,278.98,1.1499999999999773
2024-12-20 04:27:08,277.78,1.2000000000000455
2024-12-20 05:12:32,277.78,0.0
2024-12-20 06:11:25,275.53,2.25
2024-12-20 07:05:53,274.43,1.099999999999966
2024-12-20 08:03:36,274.43,0.0
2024-12-20 08:59:45,273.23,1.1999999999999886
2024-12-20 09:38:02,272.03,1.2000000000000455
2024-12-20 10:33:07,271.03,1.0
2024-12-20 11:30:36,271.03,0.0
2024-12-20 12:27:44,271.03,0.0
2024-12-20 12:59:42,271.03,0.0
2024-12-20 13:45:57,269.78,1.25
2024-12-20 14:41:28,269.78,0.0
2024-12-20 15:22:59,268.78,1.0
2024-12-20 16:19:47,268.78,0.0
2024-12-20 17:12:27,268.78,0.0
2024-12-20 18:10:27,267.78,1.0
2024-12-20 19:03:50,267.78,0.0
2024-12-20 19:54:09,267.78,0.0
2024-12-20 20:37:48,267.78,0.0
2024-12-20 21:12:40,266.73,1.0499999999999545
2024-12-20 22:12:10,266.73,0.0
2024-12-20 22:45:14,266.73,0.0
2024-12-20 23:40:12,265.68,1.0500000000000114
2024-12-21 00:21:54,265.68,0.0
2024-12-21 01:14:12,263.53,2.150000000000034
2024-12-21 02:12:24,263.53,0.0
2024-12-21 02:58:46,262.43,1.099999999999966
2024-12-21 03:39:19,261.23,1.1999999999999886
2024-12-21 04:22:57,260.08,1.150000000000034
2024-12-21 05:07:14,260.08,0.0
2024-12-21 05:44:14,258.93,1.1499999999999773
2024-12-21 06:21:37,257.93,1.0
2024-12-21 07:19:38,256.93,1.0
2024-12-21 07:51:43,255.93,1.0
2024-12-21 08:49:19,255.93,0.0
2024-12-21 09:29:20,254.73,1.200000000000017
2024-12-21 10:14:49,253.58,1.1499999999999773
2024-12-21 10:46:42,253.58,0.0
2024-12-21 11:26:15,252.48,1.1000000000000227
2024-12-21 12:13:04,251.38,1.0999999999999943
2024-12-21 12:48:17,251.38,0.0
2024-12-21 13:46:49,250.23,1.1500000000000057
2024-12-21 14:44:27,249.23,1.0
2024-12-21 15:17:02,249.23,0.0
2024-12-21 15:55:42,249.23,0.0
2024-12-21 16:36:27,249.23,0.0
2024-12-21 17:12:49,248.23,1.0
2024-12-21 17:52:43,248.23,0.0
2024-12-21 18:28:18,248.23,0.0
2024-12-21 19:23:01,248.23,0.0
2024-12-21 20:08:27,248.23,0.0
2024-12-21 20:58:46,247.18,1.049999999999983
2024-12-21 21:57:20,247.18,0.0
2024-12-21 22:46:41,246.08,1.0999999999999943
2024-12-21 23:16:54,246.08,0.0
2024-12-21 23:53:12,245.03,1.0500000000000114
2024-12-22 00:40:57,245.03,0.0
2024-12-22 01:35:54,244.03,1.0
2024-12-22 02:09:17,242.83,1.1999999999999886
2024-12-22 02:44:31,242.83,0.0
2024-12-22 03:39:29,241.58,1.25
2024-12-22 04:35:42,239.43,2.1500000000000057
2024-12-22 05:06:57,239.43,0.0
2024-12-22 05:43:37,238.43,1.0
2024-12-22 06:33:07,237.23,1.200000000000017
2024-12-22 07:17:54,236.08,1.1499999999999773
2024-12-22 08:06:47,234.98,1.1000000000000227
2024-12-22 09:04:35,233.93,1.049999999999983
2024-12-22 09:46:08,232.93,1.0
2024-12-22 10:44:43,231.88,1.0500000000000114
2024-12-22 11:21:00,230.88,1.0
2024-12-22 12:18:17,230.88,0.0
2024-12-22 13:09:53,229.88,1.0
2024-12-22 13:43:37,229.88,0.0
2024-12-22 14:40:44,229.88,0.0
2024-12-22 15:39:51,229.88,0.0
2024-12-22 16:20:41,229.88,0.0
2024-12-22 17:18:45,229.03,0.8499999999999943
2024-12-22 18:11:42,229.03,0.0
2024-12-22 18:58:14,227.98,1.0500000000000114
2024-12-22 19:38:00,227.98,0.0
2024-12-22 20:13:44,226.78,1.1999999999999886
2024-12-22 20:45:01,225.53,1.25
2024-12-22 21:23:29,224.53,1.0
2024-12-22 22:13:10,223.38,1.1500000000000057
2024-12-22 23:05:38,221.23,2.1500000000000057
2024-12-22 23:55:40,220.13,1.0999999999999943
2024-12-23 00:34:08,218.88,1.25
2024-12-23 01:18:32,218.88,0.0
2024-12-23 02:15:59,216.83,2.049999999999983
2024-12-23 02:57:37,216.83,0.0
2024-12-23 03:33:47,215.73,1.1000000000000227
2024-12-23 04:32:15,214.68,1.049999999999983
2024-12-23 05:14:23,213.63,1.0500000000000114
2024-12-23 06:05:31,212.63,1.0
2024-12-23 06:50:49,211.43,1.1999999999999886
2024-12-23 07:21:13,210.23,1.200000000000017
2024-12-23 08:13:22,209.08,1.1499999999999773
2024-12-23 08:58:56,207.93,1.1500000000000057
2024-12-23 09:42:42,206.78,1.1500000000000057
2024-12-23 10:13:30,206.78,0.0
2024-12-23 11:03:24,205.68,1.0999999999999943
2024-12-23 11:58:49,204.63,1.0500000000000114
2024-12-23 12:50:03,204.63,0.0
2024-12-23 13:21:54,204.63,0.0
2024-12-23 13:56:07,204.63,0.0
2024-12-23 14:34:00,204.63,0.0
2024-12-23 15:05:52,204.63,0.0
2024-12-23 15:38:43,204.63,0.0
2024-12-23 16:34:26,203.63,1.0
2024-12-23 17:32:17,203.63,0.0
2024-12-23 18:05:11,203.63,0.0
2024-12-23 18:36:53,203.63,0.0
2024-12-23 19:34:23,203.63,0.0
2024-12-23 20:21:19,203.63,0.0
2024-12-23 20:53:16,202.58,1.049999999999983
2024-12-23 21:42:28,201.58,1.0
2024-12-23 22:15:44,200.58,1.0
2024-12-23 23:03:26,199.28,1.3000000000000114
2024-12-23 23:51:44,198.28,1.0
2024-12-24 00:22:05,197.13,1.1500000000000057
2024-12-24 01:01:12,197.13,0.0
2024-12-24 01:42:51,196.08,1.049999999999983
2024-12-24 02:21:36,194.98,1.1000000000000227
2024-12-24 03:12:05,194.98,0.0
2024-12-24 03:48:52,193.93,1.049999999999983
2024-12-24 04:31:54,192.83,1.0999999999999943
2024-12-24 05:03:10,192.83,0.0
2024-12-24 05:51:08,191.78,1.0500000000000114
2024-12-24 06:28:18,190.58,1.1999999999999886
2024-12-24 07:11:58,189.58,1.0
2024-12-24 07:51:24,189.58,0.0
2024-12-24 08:31:57,188.53,1.0500000000000114
2024-12-24 09:16:23,187.43,1.0999999999999943
2024-12-24 09:53:07,187.43,0.0
2024-12-24 10:44:08,186.38,1.0500000000000114
2024-12-24 11:32:52,186.38,0.0
2024-12-24 12:19:50,186.38,0.0
2024-12-24 13:13:40,186.38,0.0
2024-12-24 13:44:07,186.38,0.0
2024-12-24 14:29:46,186.38,0.0
2024-12-24 15:12:39,185.38,1.0
2024-12-24 16:01:26,185.38,0.0
2024-12-24 16:49:20,185.38,0.0
2024-12-24 17:32:11,185.38,0.0
2024-12-24 18:25:30,185.38,0.0
2024-12-24 18:58:07,185.38,0.0
2024-12-24 19:50:09,184.18,1.1999999999999886
2024-12-24 20:36:28,182.93,1.25
2024-12-24 21:12:26,181.73,1.200000000000017
2024-12-24 22:08:01,180.53,1.1999999999999886
2024-12-24 22:48:55,179.33,1.1999999999999886
2024-12-24 23:34:52,177.98,1.3500000000000227
2024-12-25 00:09:11,176.93,1.049999999999983
2024-12-25 00:44:37,176.93,0.0
2024-12-25 01:38:35,175.93,1.0
2024-12-25 02:33:56,173.93,2.0
2024-12-25 03:06:43,173.93,0.0
2024-12-25 04:02:29,172.93,1.0
2024-12-25 04:33:00,171.73,1.200000000000017
2024-12-25 05:06:31,171.73,0.0
2024-12-25 06:03:05,170.53,1.1999999999999886
2024-12-25 06:56:44,169.48,1.0500000000000114
2024-12-25 07:48:20,168.33,1.1499999999999773
2024-12-25 08:34:57,167.28,1.0500000000000114
2024-12-25 09:27:04,166.28,1.0
2024-12-25 09:57:34,165.23,1.0500000000000114
2024-12-25 10:31:05,165.23,0.0
2024-12-25 11:12:55,165.23,0.0
2024-12-25 11:58:45,164.23,1.0
2024-12-25 12:49:44,164.23,0.0
2024-12-25 13:47:38,164.23,0.0
2024-12-25 14:26:44,164.23,0.0
2024-12-25 15:08:28,164.23,0.0
2024-12-25 15:49:39,163.28,0.9499999999999886
2024-12-25 16:29:01,163.28,0.0
2024-12-25 17:28:37,163.28,0.0
2024-12-25 18:12:34,163.28,0.0
2024-12-25 19:02:10,163.28,0.0
2024-12-25 20:02:00,162.23,1.0500000000000114
2024-12-25 20:51:39,162.23,0.0
2024-12-25 21:31:49,162.23,0.0
2024-12-25 22:23:01,161.13,1.0999999999999943
2024-12-25 23:20:29,159.98,1.1500000000000057
2024-12-25 23:55:13,158.88,1.0999999999999943
2024-12-26 00:54:06,157.88,1.0
2024-12-26 01:38:38,157.88,0.0
2024-12-26 02:18:36,156.68,1.1999999999999886
2024-12-26 03:10:12,155.53,1.1500000000000057
2024-12-26 04:04:32,154.33,1.1999999999999886
2024-12-26 04:38:56,153.28,1.0500000000000114
2024-12-26 05:31:14,152.23,1.0500000000000114
2024-12-26 06:12:14,152.23,0.0
2024-12-26 06:57:00,151.08,1.1499999999999773
2024-12-26 07:27:06,150.08,1.0
2024-12-26 08:09:39,148.93,1.1500000000000057
2024-12-26 08:48:17,147.73,1.200000000000017
2024-12-26 09:35:14,146.58,1.1499999999999773
2024-12-26 10:05:50,146.58,0.0
2024-12-26 10:45:56,146.43,0.15000000000000568
2024-12-26 11:19:44,146.43,0.0
2024-12-26 12:18:11,146.43,0.0
2024-12-26 13:12:52,146.43,0.0
2024-12-26 14:02:36,146.43,0.0
2024-12-26 15:01:31,145.43,1.0
2024-12-26 15:49:02,145.43,0.0
2024-12-26 16:33:44,145.43,0.0
2024-12-26 17:27:38,144.43,1.0
2024-12-26 18:13:55,144.43,0.0
2024-12-26 18:45:00,144.43,0.0
2024-12-26 19:37:16,144.43,0.0
2024-12-26 20:13:05,144.43,0.0
2024-12-26 21:12:32,144.43,0.0
2024-12-26 21:54:53,144.43,0.0
2024-12-26 22:38:33,144.43,0.0
2024-12-26 23:14:12,143.43,1.0
2024-12-26 23:52:17,143.43,0.0
2024-12-27 00:38:15,142.18,1.25
2024-12-27 01:19:31,141.13,1.0500000000000114
2024-12-27 01:50:51,139.98,1.1500000000000057
2024-12-27 02:24:43,139.98,0.0
2024-12-27 03:18:18,138.78,1.1999999999999886
2024-12-27 04:08:35,137.63,1.1500000000000057
2024-12-27 04:47:17,137.63,0.0
2024-12-27 05:21:49,136.43,1.1999999999999886
2024-12-27 05:58:28,135.28,1.1500000000000057
2024-12-27 06:40:26,135.28,0.0
2024-12-27 07:24:07,134.08,1.1999999999999886
2024-12-27 07:57:10,133.08,1.0
2024-12-27 08:56:14,132.08,1.0
2024-12-27 09:46:31,131.08,1.0
2024-12-27 10:38:38,130.08,1.0
2024-12-27 11:13:14,129.03,1.0500000000000114
2024-12-27 11:58:53,129.03,0.0
2024-12-27 12:38:32,129.03,0.0
2024-12-27 13:13:46,128.03,1.0
2024-12-27 13:45:23,128.03,0.0
2024-12-27 14:34:58,128.03,0.0
2024-12-27 15:30:44,128.03,0.0
2024-12-27 16:29:56,128.03,0.0
2024-12-27 17:16:05,128.03,0.0
2024-12-27 18:08:15,128.03,0.0
2024-12-27 19:03:10,126.98,1.0499999999999972
2024-12-27 19:37:53,126.98,0.0
2024-12-27 20:29:11,126.98,0.0
2024-12-27 21:05:23,125.93,1.0499999999999972
2024-12-27 21:42:33,125.93,0.0
2024-12-27 22:34:49,125.93,0.0
2024-12-27 23:16:53,124.83,1.1000000000000085
2024-12-27 23:57:27,123.73,1.0999999999999943
2024-12-28 00:57:24,122.43,1.2999999999999972
2024-12-28 01:56:48,121.38,1.0500000000000114
2024-12-28 02:56:10,120.18,1.1999999999999886
2024-12-28 03:40:19,119.03,1.1500000000000057
2024-12-28 04:25:25,118.03,1.0
2024-12-28 05:25:03,116.83,1.2000000000000028
2024-12-28 06:21:24,115.83,1.0
2024-12-28 07:05:24,114.68,1.1499999999999915
2024-12-28 07:50:15,113.63,1.0500000000000114
2024-12-28 08:44:39,112.53,1.0999999999999943
2024-12-28 09:34:21,111.53,1.0
2024-12-28 10:20:28,110.38,1.1500000000000057
2024-12-28 11:18:33,110.38,0.0
2024-12-28 12:11:04,110.38,0.0
2024-12-28 13:08:28,110.38,0.0
2024-12-28 13:52:46,110.38,0.0
2024-12-28 14:44:03,109.38,1.0
2024-12-28 15:38:45,109.38,0.0
2024-12-28 16:31:11,109.38,0.0
2024-12-28 17:17:28,109.38,0.0
2024-12-28 17:47:30,109.38,0.0
2024-12-28 18:23:28,109.38,0.0
2024-12-28 19:18:18,108.38,1.0
2024-12-28 19:49:27,108.38,0.0
2024-12-28 20:30:53,107.18,1.1999999999999886
2024-12-28 21:13:59,107.18,0.0
2024-12-28 21:46:02,105.93,1.25
2024-12-28 22:39:32,104.73,1.2000000000000028
2024-12-28 23:35:54,102.48,2.25
2024-12-29 00:16:11,102.48,0.0
2024-12-29 00:51:09,101.18,1.2999999999999972
2024-12-29 01:39:36,100.13,1.0500000000000114
2024-12-29 02:29:22,99.13,1.0
2024-12-29 03:14:40,98.13,1.0
2024-12-29 03:58:42,97.13,1.0
2024-12-29 04:49:21,95.93,1.1999999999999886
2024-12-29 05:32:25,95.93,0.0
2024-12-29 06:08:02,94.93,1.0
2024-12-29 06:50:54,93.83,1.1000000000000085
2024-12-29 07:44:52,92.78,1.0499999999999972
2024-12-29 08:22:22,91.78,1.0
2024-12-29 09:00:12,91.78,0.0
2024-12-29 09:53:08,90.58,1.2000000000000028
2024-12-29 10:46:11,88.58,2.0
2024-12-29 11:43:37,88.58,0.0
2024-12-29 12:19:06,88.58,0.0
2024-12-29 12:51:03,87.58,1.0
2024-12-29 13:38:11,87.43,0.14999999999999147
2024-12-29 14:21:03,87.43,0.0
2024-12-29 15:12:38,87.43,0.0
2024-12-29 16:06:45,87.43,0.0
2024-12-29 16:40:11,86.43,1.0
2024-12-29 17:23:02,86.43,0.0
2024-12-29 18:04:02,86.43,0.0
2024-12-29 18:58:02,86.43,0.0
2024-12-29 19:30:23,85.38,1.0500000000000114
2024-12-29 20:21:15,84.03,1.3499999999999943
2024-12-29 21:16:25,83.03,1.0
2024-12-29 21:50:18,81.73,1.2999999999999972
2024-12-29 22:21:00,81.73,0.0
2024-12-29 22:51:36,80.48,1.25
2024-12-29 23:32:44,79.33,1.1500000000000057
2024-12-30 00:30:03,78.23,1.0999999999999943
2024-12-30 01:14:21,77.13,1.1000000000000085
2024-12-30 01:48:11,76.13,1.0
2024-12-30 02:19:46,75.13,1.0
2024-12-30 03:05:38,74.08,1.0499999999999972
2024-12-30 03:47:58,74.08,0.0
2024-12-30 04:43:01,73.03,1.0499999999999972
2024-12-30 05:41:06,70.88,2.1500000000000057
2024-12-30 06:22:06,70.88,0.0
2024-12-30 07:10:54,69.68,1.1999999999999886
2024-12-30 08:05:15,68.48,1.2000000000000028
2024-12-30 08:51:04,67.43,1.0499999999999972
2024-12-30 09:27:07,66.33,1.1000000000000085
2024-12-30 10:00:47,65.28,1.0499999999999972
2024-12-30 10:44:49,64.23,1.0499999999999972
2024-12-30 11:23:59,64.23,0.0
2024-12-30 11:57:52,63.23,1.000000000000007
2024-12-30 12:46:12,63.23,0.0
2024-12-30 13:32:31,63.23,0.0
2024-12-30 14:17:25,63.23,0.0
2024-12-30 15:04:35,63.23,0.0
2024-12-30 15:50:48,63.23,0.0
2024-12-30 16:31:51,63.23,0.0
2024-12-30 17:11:00,63.23,0.0
2024-12-30 18:07:31,62.23,1.0
2024-12-30 18:46:50,62.23,0.0
2024-12-30 19:42:40,62.23,0.0
2024-12-30 20:12:41,60.98,1.25
2024-12-30 20:57:11,59.78,1.1999999999999957
2024-12-30 21:38:29,59.78,0.0
2024-12-30 22:36:27,57.43,2.3500000000000014
2024-12-30 23:12:54,57.43,0.0
2024-12-30 23:47:29,56.08,1.3500000000000014
2024-12-31 00:40:35,54.93,1.1499999999999986
2024-12-31 01:38:55,53.83,1.1000000000000014
2024-12-31 02:37:57,52.68,1.1499999999999986
2024-12-31 03:32:21,52.68,0.0
2024-12-31 04:18:21,51.68,1.0
2024-12-31 05:00:21,51.68,0.0
2024-12-31 05:30:25,50.68,1.0
2024-12-31 06:12:45,50.68,0.0
2024-12-31 07:01:13,49.53,1.1499999999999986
2024-12-31 07:58:50,49.53,0.0
2024-12-31 08:39:31,48.48,1.0500000000000043
2024-12-31 09:31:41,48.48,0.0
2024-12-31 10:17:34,47.43,1.0499999999999972
2024-12-31 11:01:04,47.43,0.0
2024-12-31 11:52:58,47.43,0.0
2024-12-31 12:35:18,47.43,0.0
2024-12-31 13:18:09,47.43,0.0
2024-12-31 14:10:08,47.43,0.0
2024-12-31 15:09:00,46.43,1.0
2024-12-31 16:09:01,46.43,0.0
2024-12-31 16:58:56,46.43,0.0
2024-12-31 17:34:27,46.43,0.0
2024-12-31 18:15:34,46.43,0.0
2024-12-31 19:07:53,46.43,0.0
2024-12-31 19:58:05,46.43,0.0
2024-12-31 20:57:59,44.08,2.3500000000000014
2024-12-31 21:44:54,44.08,0.0
2024-12-31 22:18:32,42.88,1.1999999999999957
2024-12-31 23:12:08,41.73,1.1500000000000057
2024-12-31 23:45:33,40.58,1.1499999999999986
2025-01-01 00:44:57,39.58,1.0
2025-01-01 01:20:21,39.58,0.0
2025-01-01 02:02:20,38.53,1.0499999999999972
2025-01-01 02:33:53,38.53,0.0
2025-01-01 03:11:45,38.53,0.0
2025-01-01 03:51:10,37.48,1.0500000000000043
2025-01-01 04:31:36,37.48,0.0
2025-01-01 05:20:28,36.48,1.0
2025-01-01 06:07:22,36.48,0.0
2025-01-01 06:44:32,35.33,1.1499999999999986
2025-01-01 07:19:54,35.33,0.0
2025-01-01 08:19:55,34.28,1.0499999999999972
2025-01-01 09:04:00,34.28,0.0
2025-01-01 09:44:00,33.28,1.0
2025-01-01 10:20:26,33.28,0.0
2025-01-01 11:07:36,32.18,1.1000000000000014
2025-01-01 12:01:59,31.18,1.0
2025-01-01 12:32:04,31.18,0.0
2025-01-01 13:07:32,31.18,0.0
2025-01-01 14:06:35,31.18,0.0
2025-01-01 14:47:07,31.18,0.0
2025-01-01 15:26:56,30.13,1.0500000000000007
2025-01-01 16:09:44,59.93,0
2025-01-01 17:03:56,59.93,0.0
2025-01-01 17:34:53,59.93,0.0
2025-01-01 18:24:08,59.93,0.0
2025-01-01 19:13:49,59.93,0.0
2025-01-01 19:57:04,59.93,0.0
2025-01-01 20:51:41,58.88,1.0499999999999972
2025-01-01 21:42:55,58.88,0.0
2025-01-01 22:39:16,57.83,1.0500000000000043
2025-01-01 23:09:57,56.83,1.0
2025-01-01 23:42:58,56.83,0.0
2025-01-02 00:13:38,56.83,0.0
2025-01-02 00:57:16,55.83,1.0
2025-01-02 01:34:00,55.83,0.0
2025-01-02 02:05:00,54.73,1.1000000000000014
2025-01-02 02:42:02,54.73,0.0
2025-01-02 03:14:24,54.73,0.0
2025-01-02 04:11:30,53.63,1.0999999999999943
2025-01-02 05:07:32,52.63,1.0
2025-01-02 05:43:20,52.63,0.0
2025-01-02 06:27:35,52.63,0.0
2025-01-02 07:13:35,51.58,1.0500000000000043
2025-01-02 08:11:13,50.53,1.0499999999999972
2025-01-02 09:03:41,50.53,0.0
2025-01-02 09:47:41,49.53,1.0
2025-01-02 10:27:41,49.53,0.0
2025-01-02 11:04:36,48.53,1.0
2025-01-02 11:48:04,48.53,0.0
2025-01-02 12:22:07,48.53,0.0
2025-01-02 13:13:07,48.53,0.0
2025-01-02 13:54:36,48.53,0.0
2025-01-02 14:45:02,48.53,0.0
2025-01-02 15:42:41,48.53,0.0
2025-01-02 16:16:49,48.53,0.0
2025-01-02 17:07:53,48.53,0.0
2025-01-02 18:02:05,47.53,1.0
2025-01-02 18:34:48,47.53,0.0
2025-01-02 19:27:50,47.53,0.0
2025-01-02 20:23:26,47.53,0.0
2025-01-02 21:05:17,46.43,1.1000000000000014
2025-01-02 21:54:02,45.43,1.0
2025-01-02 22:38:57,45.43,0.0
2025-01-02 23:24:49,44.33,1.1000000000000014
2025-01-03 00:07:42,44.33,0.0
2025-01-03 00:44:10,43.23,1.1000000000000014
2025-01-03 01:35:16,43.23,0.0
2025-01-03 02:35:00,42.18,1.0499999999999972
2025-01-03 03:16:37,42.18,0.0
2025-01-03 04:08:23,41.18,1.0
2025-01-03 04:57:37,41.18,0.0
2025-01-03 05:41:22,41.18,0.0
2025-01-03 06:37:12,40.13,1.0499999999999972
2025-01-03 07:15:09,40.13,0.0
2025-01-03 08:08:21,39.08,1.0500000000000043
2025-01-03 08:47:32,39.08,0.0
2025-01-03 09:32:26,38.08,1.0
2025-01-03 10:14:19,38.08,0.0
2025-01-03 10:54:51,37.03,1.0499999999999972
2025-01-03 11:34:23,37.03,0.0
2025-01-03 12:31:32,36.03,1.0
2025-01-03 13:26:48,36.03,0.0
2025-01-03 14:10:50,35.03,1.0
2025-01-03 14:45:13,35.03,0.0
2025-01-03 15:19:19,35.03,0.0
2025-01-03 16:08:27,35.03,0.0
2025-01-03 16:51:48,34.03,1.0
2025-01-03 17:45:50,34.03,0.0
2025-01-03 18:35:03,34.03,0.0
2025-01-03 19:05:16,34.03,0.0
2025-01-03 19:51:21,34.03,0.0
2025-01-03 20:47:00,34.03,0.0
2025-01-03 21:41:12,33.03,1.0
2025-01-03 22:30:58,33.03,0.0
2025-01-03 23:13:48,32.03,1.0
2025-01-03 23:56:18,30.83,1.2000000000000028
2025-01-04 00:39:41,30.83,0.0
2025-01-04 01:24:58,29.78,1.0499999999999972
2025-01-04 02:21:10,29.78,0.0
2025-01-04 03:13:23,28.73,1.0500000000000007
2025-01-04 04:00:07,28.73,0.0
2025-01-04 04:41:49,28.73,0.0
2025-01-04 05:31:12,27.63,1.1000000000000014
2025-01-04 06:26:19,27.63,0.0
2025-01-04 07:21:09,26.53,1.0999999999999979
2025-01-04 08:07:33,25.48,1.0500000000000007
2025-01-04 08:49:39,25.48,0.0
2025-01-04 09:32:19,25.48,0.0
2025-01-04 10:20:02,25.48,0.0
2025-01-04 11:18:44,25.48,0.0
2025-01-04 12:02:07,25.48,0.0
2025-01-04 12:36:48,24.48,1.0
2025-01-04 13:31:10,24.48,0.0
2025-01-04 14:12:09,24.48,0.0
2025-01-04 14:44:45,24.48,0.0
2025-01-04 15:44:43,23.43,1.0500000000000007
2025-01-04 16:35:36,23.43,0.0
2025-01-04 17:33:04,22.43,1.0
2025-01-04 18:22:05,22.43,0.0
2025-01-04 19:17:47,21.43,1.0
2025-01-04 20:08:31,21.43,0.0
2025-01-04 20:53:33,21.43,0.0
2025-01-04 21:30:51,20.38,1.0500000000000007
2025-01-04 22:30:00,19.33,1.0500000000000007
2025-01-04 23:17:16,18.23,1.0999999999999979
2025-01-05 00:08:25,17.18,1.0500000000000007
2025-01-05 00:46:38,17.18,0.0
2025-01-05 01:41:50,16.08,1.1000000000000014
2025-01-05 02:27:14,14.98,1.0999999999999979
2025-01-05 02:59:39,14.98,0.0
2025-01-05 03:45:23,13.93,1.0500000000000007
2025-01-05 04:44:28,12.83,1.0999999999999996
2025-01-05 05:41:45,12.83,0.0
2025-01-05 06:16:25,11.73,1.0999999999999996
2025-01-05 07:14:34,10.68,1.0500000000000007
2025-01-05 07:52:08,10.68,0.0
2025-01-05 08:47:30,9.53,1.1500000000000004
2025-01-05 09:43:35,8.33,1.1999999999999993
2025-01-05 10:43:34,7.18,1.1500000000000004
2025-01-05 11:38:11,6.08,1.0999999999999996
2025-01-05 12:22:10,6.08,0.0
2025-01-05 12:55:18,4.93,1.1500000000000004
2025-01-05 13:36:33,4.93,0.0
2025-01-05 14:21:09,4.43,0.5
2025-01-05 14:52:02,4.43,0.0
2025-01-05 15:31:34,3.93,0.49999999999999956
2025-01-05 16:04:55,3.93,0.0
2025-01-05 17:01:51,3.43,0.5
2025-01-05 17:54:21,3.43,0.0
2025-01-05 18:29:22,2.93,0.5
2025-01-05 19:02:56,2.93,0.0
2025-01-05 19:49:18,2.43,0.5
2025-01-05 20:20:57,2.43,0.0
2025-01-05 20:53:02,1.78,0.6500000000000001
2025-01-05 21:51:24,0.13,1.65
2025-01-05 22:43:37,47.75,0
2025-01-05 23:28:25,47.75,0.0
2025-01-06 00:26:57,47.75,0.0
2025-01-06 01:03:26,47.75,0.0
2025-01-06 01:44:39,47.75,0.0
2025-01-06 02:28:20,47.75,0.0
2025-01-06 03:21:35,47.75,0.0
2025-01-06 04:10:52,47.75,0.0
2025-01-06 04:45:31,47.75,0.0
2025-01-06 05:23:06,47.75,0.0
2025-01-06 05:58:48,47.75,0.0
2025-01-06 06:47:30,46.75,1.0
2025-01-06 07:20:38,46.75,0.0
2025-01-06 08:09:38,46.75,0.0
2025-01-06 09:06:10,46.75,0.0
2025-01-06 09:41:20,46.75,0.0
2025-01-06 10:41:02,46.75,0.0
2025-01-06 11:33:52,45.75,1.0
2025-01-06 12:18:39,45.75,0.0
2025-01-06 13:08:14,45.75,0.0
2025-01-06 13:52:05,45.75,0.0
2025-01-06 14:46:39,45.75,0.0
2025-01-06 15:42:42,44.65,1.1000000000000014
2025-01-06 16:31:46,44.65,0.0
2025-01-06 17:17:41,44.65,0.0
2025-01-06 18:16:34,44.65,0.0
2025-01-06 19:13:40,44.65,0.0
2025-01-06 20:07:26,43.6,1.0499999999999972
2025-01-06 20:39:01,43.6,0.0
2025-01-06 21:26:09,43.6,0.0
2025-01-06 22:18:26,42.6,1.0
2025-01-06 23:10:32,41.5,1.1000000000000014
2025-01-06 23:52:57,41.5,0.0
2025-01-07 00:33:14,41.5,0.0
2025-01-07 01:21:37,41.5,0.0
2025-01-07 02:11:14,41.5,0.0
2025-01-07 02:52:59,41.5,0.0
2025-01-07 03:31:50,41.5,0.0
2025-01-07 04:09:23,41.5,0.0
2025-01-07 04:40:42,41.5,0.0
2025-01-07 05:18:57,41.5,0.0
2025-01-07 06:02:28,41.5,0.0
2025-01-07 06:57:18,41.5,0.0
2025-01-07 07:50:28,41.5,0.0
2025-01-07 08:42:41,41.5,0.0
2025-01-07 09:26:54,41.5,0.0
2025-01-07 10:23:24,41.5,0.0
2025-01-07 11:11:58,40.5,1.0
2025-01-07 12:00:17,40.5,0.0
2025-01-07 12:51:49,40.5,0.0
2025-01-07 13:40:01,39.45,1.0499999999999972
2025-01-07 14:34:43,39.45,0.0
2025-01-07 15:08:55,39.45,0.0
2025-01-07 15:58:21,39.45,0.0
2025-01-07 16:33:39,38.45,1.0
2025-01-07 17:33:04,38.45,0.0
2025-01-07 18:19:00,38.45,0.0
2025-01-07 19:04:29,38.45,0.0
2025-01-07 19:54:50,38.45,0.0
2025-01-07 20:44:30,38.45,0.0
2025-01-07 21:20:09,37.45,1.0
2025-01-07 22:18:13,37.45,0.0
2025-01-07 23:15:12,131.44,0
2025-01-08 00:06:44,130.14,1.3000000000000114
2025-01-08 00:40:28,129.14,1.0
2025-01-08 01:33:39,129.14,0.0
2025-01-08 02:18:09,127.99,1.1499999999999915
2025-01-08 03:14:16,126.84,1.1499999999999915
2025-01-08 04:02:38,125.74,1.1000000000000085
2025-01-08 05:00:00,124.64,1.0999999999999943
2025-01-08 05:32:42,124.64,0.0
2025-01-08 06:14:19,123.54,1.0999999999999943
2025-01-08 06:51:50,122.44,1.1000000000000085
2025-01-08 07:27:15,122.44,0.0
2025-01-08 08:21:11,121.34,1.0999999999999943
2025-01-08 09:16:47,120.24,1.1000000000000085
2025-01-08 09:50:09,120.24,0.0
2025-01-08 10:44:46,120.24,0.0
2025-01-08 11:30:02,120.24,0.0
2025-01-08 12:17:43,120.24,0.0
2025-01-08 13:07:21,120.24,0.0
2025-01-08 14:05:10,119.24,1.0
2025-01-08 14:51:30,119.24,0.0
2025-01-08 15:41:58,119.24,0.0
2025-01-08 16:34:54,118.24,1.0
2025-01-08 17:27:09,118.24,0.0
2025-01-08 18:11:34,118.24,0.0
2025-01-08 19:01:14,117.24,1.0
2025-01-08 19:47:32,117.24,0.0
2025-01-08 20:28:17,117.24,0.0
2025-01-08 21:02:18,117.24,0.0
2025-01-08 21:41:54,117.24,0.0
2025-01-08 22:15:26,116.19,1.0499999999999972
2025-01-08 22:48:48,116.19,0.0
2025-01-08 23:21:24,116.19,0.0
2025-01-09 00:02:47,115.14,1.0499999999999972
2025-01-09 00:41:09,115.14,0.0
2025-01-09 01:19:25,115.14,0.0
2025-01-09 01:58:22,114.14,1.0
2025-01-09 02:56:10,114.14,0.0
2025-01-09 03:38:09,114.14,0.0
2025-01-09 04:22:39,113.09,1.0499999999999972
2025-01-09 05:13:27,113.09,0.0
2025-01-09 06:02:42,111.99,1.1000000000000085
2025-01-09 06:33:57,111.99,0.0
2025-01-09 07:14:41,111.99,0.0
2025-01-09 07:46:28,110.94,1.0499999999999972
2025-01-09 08:40:54,110.94,0.0
2025-01-09 09:23:41,109.89,1.0499999999999972
2025-01-09 10:20:11,109.89,0.0
2025-01-09 11:09:09,109.89,0.0
2025-01-09 12:03:15,108.89,1.0
2025-01-09 12:38:00,108.89,0.0
2025-01-09 13:34:13,107.79,1.0999999999999943
2025-01-09 14:07:40,107.79,0.0
2025-01-09 15:04:34,106.69,1.1000000000000085
2025-01-09 15:36:32,106.69,0.0
2025-01-09 16:33:03,105.64,1.0499999999999972
2025-01-09 17:23:43,105.64,0.0
2025-01-09 18:06:29,104.59,1.0499999999999972
2025-01-09 19:04:25,104.59,0.0
2025-01-09 19:41:23,103.59,1.0
2025-01-09 20:25:51,103.59,0.0
2025-01-09 21:17:11,103.59,0.0
2025-01-09 22:11:09,103.59,0.0
2025-01-09 22:53:10,102.54,1.0499999999999972
2025-01-09 23:39:35,102.54,0.0
2025-01-10 00:20:20,102.54,0.0
2025-01-10 01:00:09,102.54,0.0
2025-01-10 01:58:02,102.54,0.0
2025-01-10 02:54:41,102.54,0.0
2025-01-10 03:53:18,102.54,0.0
2025-01-10 04:38:33,102.54,0.0
2025-01-10 05:33:40,102.54,0.0
2025-01-10 06:20:19,102.54,0.0
2025-01-10 07:14:02,102.54,0.0
2025-01-10 07:44:55,102.54,0.0
2025-01-10 08:40:35,102.54,0.0
2025-01-10 09:33:21,102.54,0.0
2025-01-10 10:27:09,102.54,0.0
2025-01-10 11:10:45,102.54,0.0
2025-01-10 11:48:07,102.54,0.0
2025-01-10 12:20:52,101.54,1.0
2025-01-10 12:53:16,101.54,0.0
2025-01-10 13:27:12,101.54,0.0
2025-01-10 14:17:28,101.54,0.0
2025-01-10 15:12:27,101.54,0.0
2025-01-10 16:05:10,100.54,1.0
2025-01-10 16:42:30,100.54,0.0
2025-01-10 17:23:08,100.54,0.0
2025-01-10 18:18:02,100.54,0.0
2025-01-10 18:50:38,100.54,0.0
2025-01-10 19:43:30,100.54,0.0
2025-01-10 20:24:15,99.54,1.0
2025-01-10 20:58:09,99.54,0.0
2025-01-10 21:53:56,99.54,0.0
2025-01-10 22:52:34,99.54,0.0
2025-01-10 23:42:12,99.54,0.0
2025-01-11 00:41:58,97.24,2.3000000000000114
2025-01-11 01:38:01,96.14,1.0999999999999943
2025-01-11 02:16:06,94.99,1.1500000000000057
2025-01-11 02:52:09,94.99,0.0
2025-01-11 03:46:17,93.94,1.0499999999999972
2025-01-11 04:46:05,91.89,2.049999999999997
2025-01-11 05:39:22,90.89,1.0
2025-01-11 06:38:06,89.79,1.0999999999999943
2025-01-11 07:15:31,89.79,0.0
2025-01-11 07:48:58,88.69,1.1000000000000085
2025-01-11 08:38:40,87.69,1.0
2025-01-11 09:23:14,87.69,0.0
2025-01-11 10:16:12,87.69,0.0
2025-01-11 10:52:46,87.69,0.0
2025-01-11 11:36:54,87.69,0.0
2025-01-11 12:23:56,87.69,0.0
2025-01-11 13:11:55,87.69,0.0
2025-01-11 14:10:54,86.69,1.0
2025-01-11 15:04:48,86.69,0.0
2025-01-11 15:37:06,86.69,0.0
2025-01-11 16:26:42,86.69,0.0
2025-01-11 17:21:28,86.69,0.0
2025-01-11 18:05:44,86.69,0.0
2025-01-11 19:03:27,86.69,0.0
2025-01-11 19:38:52,86.69,0.0
2025-01-11 20:36:38,86.69,0.0
2025-01-11 21:16:51,85.69,1.0
2025-01-11 22:03:11,85.69,0.0
2025-01-11 22:52:58,85.69,0.0
2025-01-11 23:32:17,85.69,0.0
2025-01-12 00:30:59,85.69,0.0
2025-01-12 01:12:52,84.69,1.0
2025-01-12 01:45:00,84.69,0.0
2025-01-12 02:33:52,84.69,0.0
2025-01-12 03:21:57,84.69,0.0
2025-01-12 03:55:23,84.69,0.0
2025-01-12 04:28:18,84.69,0.0
2025-01-12 05:19:57,84.69,0.0
2025-01-12 06:14:27,84.69,0.0
2025-01-12 06:55:17,84.69,0.0
2025-01-12 07:33:42,84.69,0.0
2025-01-12 08:29:13,84.69,0.0
2025-01-12 09:09:48,84.69,0.0
2025-01-12 09:53:18,84.69,0.0
2025-01-12 10:36:05,84.69,0.0
2025-01-12 11:31:13,84.69,0.0
2025-01-12 12:13:46,84.69,0.0
2025-01-12 12:58:48,84.69,0.0
2025-01-12 13:57:59,84.69,0.0
2025-01-12 14:54:33,83.69,1.0
2025-01-12 15:28:25,83.69,0.0
2025-01-12 16:03:16,83.69,0.0
2025-01-12 16:45:10,83.69,0.0
2025-01-12 17:41:38,83.69,0.0
2025-01-12 18:32:14,82.69,1.0
2025-01-12 19:20:10,82.69,0.0
2025-01-12 20:15:56,80.49,2.200000000000003
2025-01-12 20:54:07,80.49,0.0
2025-01-12 21:53:38,78.34,2.1499999999999915
2025-01-12 22:39:15,78.34,0.0
2025-01-12 23:25:15,77.29,1.0499999999999972
2025-01-13 00:18:44,76.04,1.25
2025-01-13 00:53:11,74.99,1.0500000000000114
2025-01-13 01:36:48,74.99,0.0
2025-01-13 02:23:56,73.99,1.0
2025-01-13 03:23:11,72.94,1.0499999999999972
2025-01-13 04:04:15,72.94,0.0
2025-01-13 04:59:27,71.94,1.0
2025-01-13 05:47:14,70.94,1.0
2025-01-13 06:27:43,70.94,0.0
2025-01-13 07:20:02,69.94,1.0
2025-01-13 08:07:18,68.84,1.0999999999999943
2025-01-13 08:48:32,68.84,0.0
2025-01-13 09:22:42,67.79,1.0499999999999972
2025-01-13 10:04:14,67.79,0.0
2025-01-13 10:48:00,66.74,1.0500000000000114
2025-01-13 11:31:08,66.74,0.0
2025-01-13 12:19:54,65.74,1.0
2025-01-13 13:18:00,64.69,1.0499999999999972
2025-01-13 14:07:19,64.69,0.0
2025-01-13 14:58:22,64.69,0.0
2025-01-13 15:49:58,64.69,0.0
2025-01-13 16:23:42,64.69,0.0
2025-01-13 17:03:33,64.69,0.0
2025-01-13 18:00:44,63.69,1.0
2025-01-13 18:33:25,63.69,0.0
2025-01-13 19:06:56,63.69,0.0
2025-01-13 19:53:54,63.69,0.0
2025-01-13 20:38:49,63.69,0.0
2025-01-13 21:09:50,63.69,0.0
2025-01-13 21:52:42,62.69,1.0
2025-01-13 22:41:44,62.69,0.0
2025-01-13 23:39:39,61.59,1.0999999999999943
2025-01-14 00:22:29,60.49,1.1000000000000014
2025-01-14 01:18:17,60.49,0.0
2025-01-14 02:14:46,59.44,1.0500000000000043
2025-01-14 02:48:50,59.44,0.0
2025-01-14 03:33:11,58.44,1.0
2025-01-14 04:10:58,58.44,0.0
2025-01-14 04:52:52,58.44,0.0
2025-01-14 05:24:34,57.44,1.0
2025-01-14 06:10:37,57.44,0.0
2025-01-14 06:51:56,56.44,1.0
2025-01-14 07:31:42,56.44,0.0
2025-01-14 08:27:20,55.44,1.0
2025-01-14 09:04:57,55.44,0.0
2025-01-14 09:51:32,54.44,1.0
2025-01-14 10:38:24,54.44,0.0
2025-01-14 11:33:44,53.39,1.0499999999999972
2025-01-14 12:24:22,53.39,0.0
2025-01-14 13:23:51,53.39,0.0
2025-01-14 14:06:13,53.39,0.0
2025-01-14 14:48:12,52.39,1.0
2025-01-14 15:21:15,52.39,0.0
2025-01-14 16:01:53,52.39,0.0
2025-01-14 16:33:36,52.39,0.0
2025-01-14 17:24:29,52.39,0.0
2025-01-14 18:00:08,52.39,0.0
2025-01-14 18:42:55,52.39,0.0
2025-01-14 19:17:39,51.39,1.0
2025-01-14 19:56:14,51.39,0.0
2025-01-14 20:27:16,51.39,0.0
2025-01-14 21:27:05,50.24,1.1499999999999986
2025-01-14 22:01:22,49.09,1.1499999999999986
2025-01-14 22:41:18,49.09,0.0
2025-01-14 23:32:17,47.99,1.1000000000000014
2025-01-15 00:13:57,46.89,1.1000000000000014
2025-01-15 01:01:00,46.89,0.0
2025-01-15 01:36:54,45.79,1.1000000000000014
2025-01-15 02:18:28,45.79,0.0
2025-01-15 03:00:34,44.74,1.0499999999999972
2025-01-15 03:47:10,43.69,1.0500000000000043
2025-01-15 04:45:32,43.69,0.0
2025-01-15 05:22:42,42.69,1.0
2025-01-15 06:01:47,42.69,0.0
2025-01-15 06:53:37,41.64,1.0499999999999972
2025-01-15 07:53:29,40.49,1.1499999999999986
2025-01-15 08:39:35,40.49,0.0
2025-01-15 09:29:09,39.49,1.0
2025-01-15 10:06:55,38.49,1.0
2025-01-15 10:38:01,38.49,0.0
2025-01-15 11:29:13,37.49,1.0
2025-01-15 12:28:25,37.49,0.0
2025-01-15 13:21:41,37.49,0.0
2025-01-15 14:20:19,36.49,1.0
2025-01-15 14:55:03,36.49,0.0
2025-01-15 15:28:05,36.49,0.0
2025-01-15 15:59:29,36.49,0.0
2025-01-15 16:42:27,35.99,0.5
2025-01-15 17:41:07,35.99,0.0
2025-01-15 18:32:39,35.99,0.0
2025-01-15 19:25:44,35.99,0.0
2025-01-15 20:23:58,34.99,1.0
2025-01-15 21:04:27,34.99,0.0
2025-01-15 22:02:52,34.99,0.0
2025-01-15 22:35:20,34.99,0.0
2025-01-15 23:21:30,34.99,0.0
2025-01-15 23:52:43,33.89,1.1000000000000014
2025-01-16 00:36:24,32.79,1.1000000000000014
2025-01-16 01:32:44,31.74,1.0500000000000007
2025-01-16 02:31:54,30.69,1.0499999999999972
2025-01-16 03:21:45,30.69,0.0
2025-01-16 04:14:05,29.69,1.0
2025-01-16 04:52:28,28.69,1.0
2025-01-16 05:41:22,28.69,0.0
2025-01-16 06:32:35,27.64,1.0500000000000007
2025-01-16 07:13:38,26.59,1.0500000000000007
2025-01-16 07:44:11,26.59,0.0
2025-01-16 08:38:14,25.49,1.1000000000000014
2025-01-16 09:30:17,24.39,1.0999999999999979
2025-01-16 10:27:21,24.39,0.0
2025-01-16 11:04:25,23.09,1.3000000000000007
2025-01-16 11:35:11,23.09,0.0
2025-01-16 12:30:37,21.94,1.1499999999999986
2025-01-16 13:05:15,21.94,0.0
2025-01-16 13:58:01,21.94,0.0
2025-01-16 14:33:22,21.94,0.0
2025-01-16 15:16:30,21.94,0.0
2025-01-16 15:48:34,20.94,1.0
2025-01-16 16:38:49,20.94,0.0
2025-01-16 17:30:46,20.94,0.0
2025-01-16 18:19:47,20.94,0.0
2025-01-16 19:11:38,20.94,0.0
2025-01-16 20:02:57,20.94,0.0
2025-01-16 20:46:56,20.94,0.0
2025-01-16 21:43:32,19.74,1.2000000000000028
2025-01-16 22:37:42,18.54,1.1999999999999993
2025-01-16 23:23:19,17.44,1.0999999999999979
2025-01-17 00:23:00,16.39,1.0500000000000007
2025-01-17 01:10:32,16.39,0.0
2025-01-17 02:08:40,15.34,1.0500000000000007
2025-01-17 03:05:33,14.34,1.0
2025-01-17 03:39:41,14.34,0.0
2025-01-17 04:29:09,13.29,1.0500000000000007
2025-01-17 05:07:40,13.29,0.0
2025-01-17 05:55:37,12.14,1.1499999999999986
2025-01-17 06:26:39,11.14,1.0
2025-01-17 07:09:39,11.14,0.0
2025-01-17 07:58:40,10.09,1.0500000000000007
2025-01-17 08:58:06,9.09,1.0
2025-01-17 09:42:28,9.09,0.0
2025-01-17 10:20:35,9.09,0.0
2025-01-17 11:03:22,9.09,0.0
2025-01-17 11:54:17,8.09,1.0
2025-01-17 12:26:15,8.09,0.0
2025-01-17 13:01:33,8.09,0.0
2025-01-17 13:31:50,8.09,0.0
2025-01-17 14:19:58,8.09,0.0
2025-01-17 14:51:05,8.09,0.0
2025-01-17 15:42:07,8.09,0.0
2025-01-17 16:23:05,8.09,0.0
2025-01-17 16:59:10,8.09,0.0
2025-01-17 17:34:34,8.09,0.0
2025-01-17 18:16:08,8.09,0.0
2025-01-17 19:03:51,7.09,1.0
2025-01-17 19:40:41,7.09,0.0
2025-01-17 20:15:14,5.94,1.1499999999999995
2025-01-17 20:57:29,4.94,1.0
2025-01-17 21:47:19,3.74,1.2000000000000002
2025-01-17 22:38:09,3.09,0.6500000000000004
2025-01-17 23:29:06,2.49,0.5999999999999996
2025-01-18 00:12:48,1.29,1.2000000000000002
2025-01-18 00:56:34,0.69,0.6000000000000001
2025-01-18 01:51:29,0.14,0.5499999999999999
2025-01-18 02:47:36,-0.91,1.05
2025-01-18 03:22:59,-1.46,0.5499999999999999
2025-01-18 03:54:41,-1.46,0.0
2025-01-18 04:39:41,-2.56,1.1
2025-01-18 05:12:12,-3.11,0.5499999999999998
2025-01-18 05:49:02,-3.66,0.5500000000000003
2025-01-18 06:45:35,-4.31,0.6499999999999995
2025-01-18 07:35:18,-4.31,0.0
2025-01-18 08:25:25,-4.31,0.0
2025-01-18 08:57:17,-4.31,0.0
2025-01-18 09:57:11,19.5,0
2025-01-18 10:37:13,19.5,0.0
2025-01-18 11:30:47,19.5,0.0
2025-01-18 12:19:18,19.5,0.0
2025-01-18 13:07:13,19.5,0.0
2025-01-18 13:55:30,19.5,0.0
2025-01-18 14:39:57,19.5,0.0
2025-01-18 15:13:04,19.5,0.0
2025-01-18 15:51:30,19.5,0.0
2025-01-18 16:42:26,18.5,1.0
2025-01-18 17:31:41,18.5,0.0
2025-01-18 18:27:42,18.5,0.0
2025-01-18 19:23:13,18.5,0.0
2025-01-18 19:58:44,18.5,0.0
2025-01-18 20:50:47,18.5,0.0
2025-01-18 21:50:31,18.5,0.0
2025-01-18 22:32:42,17.25,1.25
2025-01-18 23:14:23,16.2,1.0500000000000007
2025-01-19 00:05:04,14.1,2.0999999999999996
2025-01-19 00:45:26,14.1,0.0
2025-01-19 01:32:36,12.8,1.299999999999999
2025-01-19 02:06:20,11.6,1.200000000000001
2025-01-19 02:51:11,10.5,1.0999999999999996
2025-01-19 03:38:58,9.4,1.0999999999999996
2025-01-19 04:14:48,8.3,1.0999999999999996
2025-01-19 05:03:35,7.25,1.0500000000000007
2025-01-19 05:33:42,7.25,0.0
2025-01-19 06:21:22,6.15,1.0999999999999996
2025-01-19 07:07:10,4.3,1.8500000000000005
2025-01-19 07:44:06,3.75,0.5499999999999998
2025-01-19 08:41:37,2.65,1.1
2025-01-19 09:13:00,2.65,0.0
2025-01-19 09:44:51,2.65,0.0
2025-01-19 10:42:00,2.65,0.0
2025-01-19 11:34:51,2.15,0.5
2025-01-19 12:17:56,2.15,0.0
2025-01-19 13:12:31,2.15,0.0
2025-01-19 13:53:55,2.15,0.0
2025-01-19 14:32:02,1.65,0.5
2025-01-19 15:18:48,1.65,0.0
2025-01-19 16:10:34,1.65,0.0
2025-01-19 16:48:08,1.65,0.0
2025-01-19 17:39:44,1.15,0.5
2025-01-19 18:29:21,1.15,0.0
2025-01-19 19:15:40,1.15,0.0
2025-01-19 19:52:43,1.15,0.0
2025-01-19 20:30:03,1.15,0.0
2025-01-19 21:26:18,43.51,0
2025-01-19 22:10:30,42.46,1.0499999999999972
2025-01-19 23:02:40,41.21,1.25
2025-01-19 23:40:38,40.16,1.0500000000000043
2025-01-20 00:34:55,39.06,1.0999999999999943
2025-01-20 01:13:39,38.01,1.0500000000000043
2025-01-20 01:55:38,36.81,1.1999999999999957
2025-01-20 02:27:21,36.81,0.0
2025-01-20 02:57:31,35.61,1.2000000000000028
2025-01-20 03:48:23,35.61,0.0
2025-01-20 04:33:23,34.46,1.1499999999999986
2025-01-20 05:18:02,33.26,1.2000000000000028
2025-01-20 06:09:03,32.11,1.1499999999999986
2025-01-20 06:52:20,32.11,0.0
2025-01-20 07:26:39,31.01,1.0999999999999979
2025-01-20 08:23:05,29.86,1.1500000000000021
2025-01-20 09:02:38,29.86,0.0
2025-01-20 10:02:14,29.86,0.0
2025-01-20 10:44:09,29.86,0.0
2025-01-20 11:22:04,29.86,0.0
2025-01-20 12:06:01,29.86,0.0
2025-01-20 13:05:50,28.86,1.0
2025-01-20 13:58:41,28.86,0.0
2025-01-20 14:32:17,28.86,0.0
2025-01-20 15:09:45,28.86,0.0
2025-01-20 15:59:51,28.86,0.0
2025-01-20 16:41:40,28.86,0.0
2025-01-20 17:26:50,28.86,0.0
2025-01-20 17:59:25,28.86,0.0
2025-01-20 18:57:54,27.86,1.0
2025-01-20 19:36:50,27.86,0.0
2025-01-20 20:19:35,27.86,0.0
2025-01-20 21:12:29,27.86,0.0
2025-01-20 21:57:06,27.86,0.0
2025-01-20 22:52:24,27.86,0.0
2025-01-20 23:27:36,26.76,1.0999999999999979
2025-01-21 00:03:54,26.76,0.0
2025-01-21 00:42:03,26.76,0.0
2025-01-21 01:23:01,25.71,1.0500000000000007
2025-01-21 01:54:56,25.71,0.0
2025-01-21 02:41:03,24.71,1.0
2025-01-21 03:17:19,24.71,0.0
2025-01-21 04:10:15,24.71,0.0
2025-01-21 05:07:10,23.66,1.0500000000000007
2025-01-21 05:39:10,23.66,0.0
2025-01-21 06:37:05,22.56,1.1000000000000014
2025-01-21 07:31:49,22.56,0.0
2025-01-21 08:10:45,21.51,1.0499999999999972
2025-01-21 08:52:33,21.51,0.0
2025-01-21 09:48:18,20.41,1.1000000000000014
2025-01-21 10:20:01,20.41,0.0
2025-01-21 11:06:06,20.41,0.0
2025-01-21 11:57:38,20.41,0.0
2025-01-21 12:31:44,20.41,0.0
2025-01-21 13:22:05,19.41,1.0
2025-01-21 14:04:45,19.41,0.0
2025-01-21 14:59:12,19.41,0.0
2025-01-21 15:51:41,19.41,0.0
2025-01-21 16:50:07,19.41,0.0
2025-01-21 17:36:02,19.41,0.0
2025-01-21 18:32:31,19.41,0.0
2025-01-21 19:04:02,19.41,0.0
2025-01-21 19:36:26,18.41,1.0
2025-01-21 20:17:11,18.41,0.0
2025-01-21 20:59:49,18.41,0.0
2025-01-21 21:32:33,18.41,0.0
2025-01-21 22:06:34,18.41,0.0
2025-01-21 22:51:07,17.31,1.1000000000000014
2025-01-21 23:45:41,17.31,0.0
2025-01-22 00:30:41,16.26,1.0499999999999972
2025-01-22 01:30:15,16.26,0.0
2025-01-22 02:08:09,15.21,1.0500000000000007
2025-01-22 03:07:18,15.21,0.0
2025-01-22 04:01:07,14.16,1.0500000000000007
2025-01-22 04:45:06,14.16,0.0
2025-01-22 05:37:20,13.11,1.0500000000000007
2025-01-22 06:08:49,13.11,0.0
2025-01-22 06:43:37,13.11,0.0
2025-01-22 07:38:32,12.01,1.0999999999999996
2025-01-22 08:15:09,12.01,0.0
2025-01-22 08:59:53,12.01,0.0
2025-01-22 09:43:13,10.91,1.0999999999999996
2025-01-22 10:41:21,10.91,0.0
2025-01-22 11:32:09,10.91,0.0
2025-01-22 12:22:25,10.91,0.0
2025-01-22 13:06:41,10.91,0.0
2025-01-22 14:03:34,10.91,0.0
2025-01-22 14:57:20,10.91,0.0
2025-01-22 15:35:11,10.91,0.0
2025-01-22 16:11:05,10.91,0.0
2025-01-22 17:05:14,10.91,0.0
2025-01-22 17:56:19,10.91,0.0
2025-01-22 18:41:29,10.91,0.0
2025-01-22 19:13:50,10.91,0.0
2025-01-22 19:57:23,10.91,0.0
2025-01-22 20:35:24,10.91,0.0
2025-01-22 21:09:16,10.91,0.0
2025-01-22 21:53:16,10.91,0.0
2025-01-22 22:32:24,10.91,0.0
2025-01-22 23:15:33,10.91,0.0
2025-01-23 00:06:34,10.91,0.0
2025-01-23 00:41:32,10.91,0.0
2025-01-23 01:40:18,10.91,0.0
2025-01-23 02:37:16,10.91,0.0
2025-01-23 03:27:11,10.91,0.0
2025-01-23 04:02:08,10.91,0.0
2025-01-23 04:47:41,10.91,0.0
2025-01-23 05:18:08,10.91,0.0
2025-01-23 05:55:30,10.91,0.0
2025-01-23 06:40:33,10.91,0.0
2025-01-23 07:12:22,10.91,0.0
2025-01-23 07:52:18,10.91,0.0
2025-01-23 08:47:07,10.91,0.0
2025-01-23 09:29:59,10.91,0.0
2025-01-23 10:08:35,10.91,0.0
2025-01-23 11:08:34,10.91,0.0
2025-01-23 12:00:36,10.91,0.0
2025-01-23 12:45:43,10.91,0.0
2025-01-23 13:19:45,10.91,0.0
2025-01-23 14:05:26,10.91,0.0
2025-01-23 14:48:00,10.91,0.0
2025-01-23 15:19:20,10.91,0.0
2025-01-23 15:52:39,10.91,0.0
2025-01-23 16:32:46,10.91,0.0
2025-01-23 17:18:40,10.91,0.0
2025-01-23 18:01:55,10.91,0.0
2025-01-23 18:45:27,10.91,0.0
2025-01-23 19:32:09,10.91,0.0
2025-01-23 20:19:29,10.91,0.0
2025-01-23 21:15:43,10.91,0.0
2025-01-23 22:15:39,10.91,0.0
2025-01-23 22:52:20,10.91,0.0
2025-01-23 23:47:53,10.91,0.0
2025-01-24 00:47:50,10.91,0.0
2025-01-24 01:42:17,10.91,0.0
2025-01-24 02:33:26,10.91,0.0
2025-01-24 03:28:24,10.91,0.0
2025-01-24 03:59:55,10.91,0.0
2025-01-24 04:40:59,10.91,0.0
2025-01-24 05:39:53,10.91,0.0
2025-01-24 06:39:05,10.91,0.0
2025-01-24 07:26:04,10.91,0.0
2025-01-24 08:04:38,10.91,0.0
2025-01-24 09:01:35,10.91,0.0
2025-01-24 09:34:00,10.91,0.0
2025-01-24 10:22:59,10.91,0.0
2025-01-24 11:12:30,10.91,0.0
2025-01-24 11:52:50,10.91,0.0
2025-01-24 12:48:51,10.91,0.0
2025-01-24 13:33:56,10.91,0.0
2025-01-24 14:13:38,10.91,0.0
2025-01-24 14:44:02,10.91,0.0
2025-01-24 15:34:24,10.91,0.0
2025-01-24 16:28:52,10.91,0.0
2025-01-24 17:10:21,10.91,0.0
2025-01-24 18:05:52,10.91,0.0
2025-01-24 19:03:08,10.91,0.0
2025-01-24 19:59:05,10.91,0.0
2025-01-24 20:56:46,10.91,0.0
2025-01-24 21:37:48,10.91,0.0
2025-01-24 22:16:57,10.91,0.0
2025-01-24 22:56:03,10.91,0.0
2025-01-24 23:26:08,10.91,0.0
2025-01-25 00:13:28,10.91,0.0
2025-01-25 01:00:46,10.91,0.0
2025-01-25 01:36:58,10.91,0.0
2025-01-25 02:36:01,10.91,0.0
2025-01-25 03:12:33,10.91,0.0
2025-01-25 03:56:53,10.91,0.0
2025-01-25 04:33:17,10.91,0.0
2025-01-25 05:12:03,10.91,0.0
2025-01-25 05:44:44,10.91,0.0
2025-01-25 06:30:28,10.91,0.0
2025-01-25 07:15:53,10.91,0.0
2025-01-25 07:53:01,10.91,0.0
2025-01-25 08:48:30,10.91,0.0
2025-01-25 09:47:19,10.91,0.0
2025-01-25 10:46:21,10.91,0.0
2025-01-25 11:17:10,10.91,0.0
2025-01-25 11:57:12,10.76,0.15000000000000036
2025-01-25 12:56:49,10.76,0.0
2025-01-25 13:45:46,10.76,0.0
2025-01-25 14:20:52,10.76,0.0
2025-01-25 14:54:07,10.76,0.0
2025-01-25 15:41:15,10.76,0.0
2025-01-25 16:14:19,10.76,0.0
2025-01-25 16:50:43,10.76,0.0
2025-01-25 17:29:44,10.76,0.0
2025-01-25 18:29:43,10.76,0.0
2025-01-25 19:01:25,10.76,0.0
2025-01-25 19:57:59,10.76,0.0
2025-01-25 20:56:21,10.76,0.0
2025-01-25 21:39:38,10.76,0.0
2025-01-25 22:30:18,10.76,0.0
2025-01-25 23:15:39,10.76,0.0
2025-01-25 23:58:25,10.76,0.0
2025-01-26 00:38:49,10.76,0.0
2025-01-26 01:35:10,10.76,0.0
2025-01-26 02:16:00,10.76,0.0
2025-01-26 03:03:47,10.76,0.0
2025-01-26 03:46:29,10.76,0.0
2025-01-26 04:28:38,10.76,0.0
2025-01-26 05:17:59,10.76,0.0
2025-01-26 05:53:33,10.76,0.0
2025-01-26 06:41:29,10.76,0.0
2025-01-26 07:27:58,10.76,0.0
2025-01-26 08:16:31,10.76,0.0
2025-01-26 09:04:04,10.76,0.0
2025-01-26 09:38:09,10.76,0.0
2025-01-26 10:25:11,10.76,0.0
2025-01-26 11:10:26,10.76,0.0
2025-01-26 12:09:39,10.76,0.0
2025-01-26 13:05:32,10.76,0.0
2025-01-26 13:47:20,10.76,0.0
2025-01-26 14:18:52,10.76,0.0
2025-01-26 15:15:38,10.76,0.0
2025-01-26 16:08:38,10.76,0.0
2025-01-26 16:56:35,10.76,0.0
2025-01-26 17:37:38,10.76,0.0
2025-01-26 18:09:55,10.76,0.0
2025-01-26 18:49:02,10.76,0.0
2025-01-26 19:30:13,10.76,0.0
2025-01-26 20:14:57,10.76,0.0
2025-01-26 21:11:33,10.76,0.0
2025-01-26 22:08:58,10.76,0.0
2025-01-26 23:03:59,10.76,0.0
2025-01-26 23:47:17,10.76,0.0
2025-01-27 00:36:17,10.76,0.0
2025-01-27 01:29:37,10.76,0.0
2025-01-27 02:16:48,10.76,0.0
2025-01-27 03:07:04,10.76,0.0
2025-01-27 04:03:50,10.76,0.0
2025-01-27 04:45:28,10.76,0.0
2025-01-27 05:27:53,10.76,0.0
2025-01-27 06:26:53,10.76,0.0
2025-01-27 07:08:13,10.76,0.0
2025-01-27 07:58:36,10.76,0.0
2025-01-27 08:33:10,10.76,0.0
2025-01-27 09:22:00,10.76,0.0
2025-01-27 09:53:52,10.76,0.0
2025-01-27 10:46:26,10.76,0.0
2025-01-27 11:30:52,10.76,0.0
2025-01-27 12:30:15,10.76,0.0
2025-01-27 13:19:50,10.76,0.0
2025-01-27 13:56:05,10.76,0.0
2025-01-27 14:52:52,10.76,0.0
2025-01-27 15:50:29,10.76,0.0
2025-01-27 16:27:10,10.76,0.0
2025-01-27 16:59:31,10.76,0.0
2025-01-27 17:33:55,10.76,0.0
2025-01-27 18:24:52,10.76,0.0
2025-01-27 19:01:20,10.76,0.0
2025-01-27 19:33:42,10.76,0.0
2025-01-27 20:31:58,10.76,0.0
2025-01-27 21:02:34,10.76,0.0
2025-01-27 21:54:28,10.76,0.0
2025-01-27 22:33:38,10.76,0.0
2025-01-27 23:09:28,10.76,0.0
2025-01-28 00:03:31,10.76,0.0
2025-01-28 00:56:13,10.76,0.0
2025-01-28 01:38:24,10.76,0.0
2025-01-28 02:33:33,10.76,0.0
2025-01-28 03:15:30,10.76,0.0
2025-01-28 03:47:59,10.76,0.0
2025-01-28 04:22:46,10.76,0.0
2025-01-28 05:06:51,10.76,0.0
2025-01-28 05:50:00,10.76,0.0
2025-01-28 06:39:31,10.76,0.0
2025-01-28 07:34:46,10.76,0.0
2025-01-28 08:07:15,10.76,0.0
2025-01-28 08:55:09,10.76,0.0
2025-01-28 09:40:26,10.76,0.0
2025-01-28 10:40:27,10.76,0.0
2025-01-28 11:33:25,10.76,0.0
2025-01-28 12:14:15,10.76,0.0
2025-01-28 13:09:20,10.76,0.0
2025-01-28 14:08:19,10.76,0.0
2025-01-28 14:58:08,10.76,0.0
2025-01-28 15:33:40,10.76,0.0
2025-01-28 16:32:26,10.76,0.0
2025-01-28 17:17:18,10.76,0.0
2025-01-28 18:02:11,10.76,0.0
2025-01-28 18:50:23,10.76,0.0
2025-01-28 19:37:46,10.76,0.0
2025-01-28 20:09:21,10.76,0.0
2025-01-28 20:49:59,10.76,0.0
2025-01-28 21:39:34,10.76,0.0
2025-01-28 22:20:46,10.76,0.0
2025-01-28 23:07:26,10.76,0.0
2025-01-28 23:59:18,10.76,0.0
2025-01-29 00:29:50,10.76,0.0
2025-01-29 01:03:27,10.76,0.0
2025-01-29 01:38:26,10.76,0.0
2025-01-29 02:16:59,10.76,0.0
2025-01-29 03:02:17,10.76,0.0
2025-01-29 03:48:30,10.76,0.0
2025-01-29 04:18:45,10.76,0.0
2025-01-29 05:17:06,10.76,0.0
2025-01-29 06:11:35,10.76,0.0
2025-01-29 06:46:35,10.76,0.0
2025-01-29 07:24:57,10.76,0.0
2025-01-29 08:02:31,10.76,0.0
2025-01-29 08:42:55,10.76,0.0
2025-01-29 09:19:29,10.76,0.0
2025-01-29 10:07:22,10.76,0.0
2025-01-29 11:06:52,10.76,0.0
2025-01-29 11:49:28,10.76,0.0
2025-01-29 12:30:10,10.76,0.0
2025-01-29 13:13:41,10.76,0.0
2025-01-29 13:55:07,10.76,0.0
2025-01-29 14:27:43,10.76,0.0
2025-01-29 15:08:45,10.76,0.0
2025-01-29 16:03:22,10.76,0.0
2025-01-29 16:54:47,10.76,0.0
2025-01-29 17:27:42,10.76,0.0
2025-01-29 18:06:10,10.76,0.0
2025-01-29 18:46:09,10.76,0.0
2025-01-29 19:30:38,10.76,0.0
2025-01-29 20:27:30,10.76,0.0
2025-01-29 21:06:33,10.76,0.0
2025-01-29 22:04:33,10.76,0.0
2025-01-29 22:52:02,10.76,0.0
2025-01-29 23:30:26,10.76,0.0
2025-01-30 00:08:05,10.76,0.0
2025-01-30 00:53:10,10.76,0.0
2025-01-30 01:51:45,10.76,0.0
2025-01-30 02:40:44,10.76,0.0
2025-01-30 03:29:46,10.76,0.0
2025-01-30 04:27:38,10.76,0.0
2025-01-30 05:01:09,10.76,0.0
2025-01-30 05:45:21,10.76,0.0
2025-01-30 06:42:18,10.76,0.0
2025-01-30 07:33:01,10.76,0.0
2025-01-30 08:21:49,10.76,0.0
2025-01-30 09:03:59,10.76,0.0
2025-01-30 09:52:23,10.76,0.0
2025-01-30 10:28:38,10.76,0.0
2025-01-30 11:18:17,10.76,0.0
2025-01-30 11:56:12,10.76,0.0
2025-01-30 12:27:56,10.76,0.0
2025-01-30 13:19:30,10.76,0.0
2025-01-30 13:54:06,10.76,0.0
2025-01-30 14:28:40,10.76,0.0
2025-01-30 15:25:10,10.76,0.0
2025-01-30 16:08:18,10.76,0.0
2025-01-30 16:46:32,10.76,0.0
2025-01-30 17:30:25,10.76,0.0
2025-01-30 18:09:11,10.76,0.0
2025-01-30 18:55:16,10.76,0.0
2025-01-30 19:26:31,10.76,0.0
2025-01-30 19:59:02,10.76,0.0
2025-01-30 20:58:18,10.76,0.0
2025-01-30 21:56:26,10.76,0.0
2025-01-30 22:48:53,10.76,0.0
2025-01-30 23:21:05,10.76,0.0
2025-01-30 23:58:28,10.76,0.0
2025-01-31 00:51:02,10.76,0.0
2025-01-31 01:35:10,10.76,0.0
2025-01-31 02:20:23,10.76,0.0
2025-01-31 03:07:30,10.76,0.0
2025-01-31 03:39:24,10.76,0.0
2025-01-31 04:26:02,10.76,0.0
2025-01-31 05:21:18,10.76,0.0
2025-01-31 06:01:01,10.76,0.0
2025-01-31 06:43:06,10.76,0.0
2025-01-31 07:18:04,10.76,0.0
2025-01-31 07:49:42,10.76,0.0
2025-01-31 08:30:46,10.76,0.0
2025-01-31 09:24:57,10.76,0.0
2025-01-31 10:00:08,10.76,0.0
2025-01-31 10:31:59,10.76,0.0
2025-01-31 11:14:47,10.76,0.0
2025-01-31 11:51:01,10.76,0.0
2025-01-31 12:45:28,10.76,0.0
2025-01-31 13:20:59,10.76,0.0
2025-01-31 13:59:23,10.76,0.0
2025-01-31 14:39:39,10.76,0.0
2025-01-31 15:09:56,10.76,0.0
2025-01-31 16:04:27,10.76,0.0
2025-01-31 16:36:27,10.76,0.0
2025-01-31 17:11:57,10.76,0.0
2025-01-31 18:07:15,10.76,0.0
2025-01-31 18:55:41,10.76,0.0
2025-01-31 19:53:46,10.76,0.0
2025-01-31 20:49:36,10.76,0.0
2025-01-31 21:22:58,10.76,0.0
2025-01-31 22:12:19,10.76,0.0
2025-01-31 22:46:15,10.76,0.0
2025-01-31 23:37:07,10.76,0.0
2025-02-01 00:24:53,10.76,0.0
2025-02-01 01:17:11,10.76,0.0
2025-02-01 01:55:20,10.76,0.0
2025-02-01 02:28:53,10.76,0.0
2025-02-01 03:00:27,10.76,0.0
2025-02-01 03:32:20,10.76,0.0
2025-02-01 04:04:10,10.76,0.0
2025-02-01 04:58:50,10.76,0.0
2025-02-01 05:52:07,10.76,0.0
2025-02-01 06:42:24,10.76,0.0
2025-02-01 07:27:31,10.76,0.0
2025-02-01 08:05:39,10.76,0.0
2025-02-01 08:41:00,10.76,0.0
2025-02-01 09:15:20,10.76,0.0
2025-02-01 10:07:06,10.76,0.0
2025-02-01 11:02:40,10.76,0.0
2025-02-01 11:40:43,10.76,0.0
2025-02-01 12:27:01,10.76,0.0
2025-02-01 13:10:00,10.76,0.0
2025-02-01 14:04:45,10.76,0.0
2025-02-01 14:59:37,10.76,0.0
2025-02-01 15:38:41,10.76,0.0
2025-02-01 16:21:10,10.76,0.0
2025-02-01 17:01:47,10.76,0.0
2025-02-01 17:43:54,10.76,0.0
2025-02-01 18:24:50,10.76,0.0
2025-02-01 19:13:47,10.76,0.0
2025-02-01 20:01:20,10.76,0.0
2025-02-01 20:54:00,10.76,0.0
2025-02-01 21:52:52,10.76,0.0
2025-02-01 22:37:49,10.76,0.0
2025-02-01 23:27:01,10.76,0.0
2025-02-02 00:05:51,10.76,0.0
2025-02-02 00:56:18,10.76,0.0
2025-02-02 01:44:25,10.76,0.0
2025-02-02 02:20:34,10.76,0.0
2025-02-02 03:14:12,10.76,0.0
2025-02-02 03:47:23,10.76,0.0
2025-02-02 04:22:34,10.76,0.0
2025-02-02 05:21:40,10.76,0.0
2025-02-02 06:07:05,10.76,0.0
2025-02-02 06:44:48,10.76,0.0
2025-02-02 07:28:19,10.76,0.0
2025-02-02 08:22:30,10.76,0.0
2025-02-02 09:17:08,10.76,0.0
2025-02-02 10:08:16,10.76,0.0
2025-02-02 11:04:56,10.76,0.0
2025-02-02 11:40:59,10.76,0.0
2025-02-02 12:12:40,10.76,0.0
2025-02-02 13:10:47,10.76,0.0
2025-02-02 13:42:04,10.76,0.0
2025-02-02 14:17:25,10.76,0.0
2025-02-02 14:58:35,10.76,0.0
2025-02-02 15:41:34,10.76,0.0
2025-02-02 16:24:49,10.76,0.0
2025-02-02 16:57:59,10.76,0.0
2025-02-02 17:41:38,10.76,0.0
2025-02-02 18:30:26,10.76,0.0
2025-02-02 19:18:20,10.76,0.0
2025-02-02 20:09:11,10.76,0.0
2025-02-02 20:59:43,10.76,0.0
2025-02-02 21:43:23,10.76,0.0
2025-02-02 22:39:42,10.76,0.0
2025-02-02 23:22:59,10.76,0.0
2025-02-02 23:54:20,10.76,0.0
2025-02-03 00:30:27,10.76,0.0
2025-02-03 01:19:18,10.76,0.0
2025-02-03 02:08:32,10.76,0.0
2025-02-03 02:51:49,10.76,0.0
2025-02-03 03:24:22,10.76,0.0
2025-02-03 04:19:03,10.76,0.0
2025-02-03 05:13:00,10.76,0.0
2025-02-03 05:50:11,10.76,0.0
2025-02-03 06:32:35,10.76,0.0
2025-02-03 07:31:02,10.76,0.0
2025-02-03 08:11:33,10.76,0.0
2025-02-03 08:53:55,10.76,0.0
2025-02-03 09:39:57,10.76,0.0
2025-02-03 10:14:15,10.76,0.0
2025-02-03 10:55:28,10.76,0.0
2025-02-03 11:51:15,10.76,0.0
2025-02-03 12:46:43,10.76,0.0
2025-02-03 13:22:15,10.76,0.0
2025-02-03 14:16:58,10.76,0.0
2025-02-03 15:03:11,10.76,0.0
2025-02-03 15:48:29,10.76,0.0
2025-02-03 16:35:47,10.76,0.0
2025-02-03 17:32:40,10.76,0.0
2025-02-03 18:16:42,10.76,0.0
2025-02-03 19:15:20,10.76,0.0
2025-02-03 19:50:31,10.76,0.0
2025-02-03 20:25:32,10.76,0.0
2025-02-03 21:16:34,10.76,0.0
2025-02-03 21:53:11,10.76,0.0
2025-02-03 22:46:39,10.76,0.0
2025-02-03 23:32:54,10.76,0.0
2025-02-04 00:31:17,10.76,0.0
2025-02-04 01:14:02,10.76,0.0
2025-02-04 02:02:35,10.76,0.0
2025-02-04 02:35:07,10.76,0.0
2025-02-04 03:17:53,10.76,0.0
2025-02-04 04:11:53,10.76,0.0
2025-02-04 04:59:16,10.76,0.0
2025-02-04 05:57:00,10.76,0.0
2025-02-04 06:27:33,10.76,0.0
2025-02-04 06:57:52,10.76,0.0
2025-02-04 07:36:56,10.76,0.0
2025-02-04 08:10:00,10.76,0.0
2025-02-04 09:02:59,10.76,0.0
2025-02-04 09:49:19,10.76,0.0
2025-02-04 10:49:04,10.76,0.0
2025-02-04 11:46:11,10.76,0.0
2025-02-04 12:38:12,10.76,0.0
2025-02-04 13:26:05,10.76,0.0
2025-02-04 13:59:34,10.76,0.0
2025-02-04 14:37:36,10.76,0.0
2025-02-04 15:35:02,10.76,0.0
2025-02-04 16:28:13,10.76,0.0
2025-02-04 17:22:17,10.76,0.0
2025-02-04 18:11:21,10.76,0.0
2025-02-04 19:09:14,10.76,0.0
2025-02-04 20:04:41,10.76,0.0
2025-02-04 21:01:21,10.76,0.0
2025-02-04 22:00:28,10.76,0.0
2025-02-04 22:40:22,10.76,0.0
2025-02-04 23:14:14,10.76,0.0
2025-02-05 00:02:28,10.76,0.0
2025-02-05 00:55:03,10.76,0.0
2025-02-05 01:31:03,10.76,0.0
2025-02-05 02:15:35,10.76,0.0
2025-02-05 03:14:57,10.76,0.0
2025-02-05 03:45:11,10.76,0.0
2025-02-05 04:17:01,10.76,0.0
2025-02-05 05:09:23,10.76,0.0
2025-02-05 05:45:17,10.76,0.0
2025-02-05 06:35:33,10.76,0.0
2025-02-05 07:34:06,10.76,0.0
2025-02-05 08:10:25,10.76,0.0
2025-02-05 08:47:56,10.76,0.0
2025-02-05 09:40:51,10.76,0.0
2025-02-05 10:11:57,10.76,0.0
2025-02-05 10:46:38,10.76,0.0
2025-02-05 11:34:13,10.76,0.0
2025-02-05 12:28:34,10.76,0.0
2025-02-05 13:05:39,10.76,0.0
2025-02-05 13:55:17,10.76,0.0
2025-02-05 14:41:26,10.76,0.0
2025-02-05 15:31:08,10.76,0.0
2025-02-05 16:08:51,10.76,0.0
2025-02-05 17:01:24,10.76,0.0
2025-02-05 17:46:14,10.76,0.0
2025-02-05 18:45:32,10.76,0.0
2025-02-05 19:34:37,10.76,0.0
2025-02-05 20:32:27,10.76,0.0
2025-02-05 21:19:25,10.76,0.0
2025-02-05 22:06:58,10.76,0.0
2025-02-05 22:56:02,10.76,0.0
2025-02-05 23:39:02,10.76,0.0
2025-02-06 00:15:42,10.76,0.0
2025-02-06 01:13:48,10.76,0.0
2025-02-06 02:04:19,10.76,0.0
2025-02-06 02:40:05,10.76,0.0
2025-02-06 03:20:06,10.76,0.0
2025-02-06 04:01:27,10.76,0.0
2025-02-06 04:36:45,10.76,0.0
2025-02-06 05:17:19,10.76,0.0
2025-02-06 06:00:47,10.76,0.0
2025-02-06 06:37:29,10.76,0.0
2025-02-06 07:28:19,10.76,0.0
2025-02-06 08:10:47,10.76,0.0
2025-02-06 09:05:10,10.76,0.0
2025-02-06 09:39:34,10.76,0.0
2025-02-06 10:31:00,10.76,0.0
2025-02-06 11:08:56,10.76,0.0
2025-02-06 11:49:43,10.76,0.0
2025-02-06 12:44:22,10.76,0.0
2025-02-06 13:34:23,10.76,0.0
2025-02-06 14:33:26,10.76,0.0
2025-02-06 15:12:40,10.76,0.0
2025-02-06 16:08:51,10.76,0.0
2025-02-06 16:51:26,10.76,0.0
2025-02-06 17:45:22,10.76,0.0
2025-02-06 18:39:18,10.76,0.0
2025-02-06 19:39:18,10.76,0.0
2025-02-06 20:26:20,10.76,0.0
2025-02-06 21:03:57,10.76,0.0
2025-02-06 21:37:08,10.76,0.0
2025-02-06 22:27:08,10.76,0.0
2025-02-06 23:07:45,10.76,0.0
2025-02-06 23:52:31,10.76,0.0
2025-02-07 00:37:52,10.76,0.0
2025-02-07 01:25:39,10.76,0.0
2025-02-07 02:21:56,10.76,0.0
2025-02-07 03:17:18,10.76,0.0
2025-02-07 03:55:28,10.76,0.0
2025-02-07 04:34:15,10.76,0.0
2025-02-07 05:19:22,10.76,0.0
2025-02-07 06:02:07,10.76,0.0
2025-02-07 06:53:08,10.76,0.0
2025-02-07 07:39:16,10.76,0.0
2025-02-07 08:35:37,10.76,0.0
2025-02-07 09:17:03,10.76,0.0
2025-02-07 09:58:29,10.76,0.0
2025-02-07 10:51:20,10.76,0.0
2025-02-07 11:36:43,10.76,0.0
2025-02-07 12:20:37,10.76,0.0
2025-02-07 13:09:09,10.76,0.0
2025-02-07 13:54:11,10.76,0.0
2025-02-07 14:40:19,10.76,0.0
2025-02-07 15:16:48,10.76,0.0
2025-02-07 15:54:31,10.76,0.0
2025-02-07 16:30:47,10.76,0.0
2025-02-07 17:09:21,10.76,0.0
2025-02-07 17:50:18,10.76,0.0
2025-02-07 18:30:39,10.76,0.0
2025-02-07 19:24:08,10.76,0.0
2025-02-07 20:22:47,10.76,0.0
2025-02-07 21:10:26,10.76,0.0
2025-02-07 21:54:47,10.76,0.0
2025-02-07 22:54:14,10.76,0.0
2025-02-07 23:33:31,10.76,0.0
2025-02-08 00:13:04,10.76,0.0
2025-02-08 00:48:02,10.76,0.0
2025-02-08 01:31:11,10.76,0.0
2025-02-08 02:23:46,10.76,0.0
2025-02-08 03:16:30,10.76,0.0
2025-02-08 03:47:37,10.76,0.0
2025-02-08 04:41:39,10.76,0.0
2025-02-08 05:22:11,10.76,0.0
2025-02-08 06:18:12,10.76,0.0
2025-02-08 06:52:09,10.76,0.0
2025-02-08 07:47:21,10.76,0.0
2025-02-08 08:20:27,10.76,0.0
2025-02-08 09:14:15,10.76,0.0
2025-02-08 09:56:16,10.76,0.0
2025-02-08 10:54:15,10.76,0.0
2025-02-08 11:36:25,10.76,0.0
2025-02-08 12:20:07,10.76,0.0
2025-02-08 13:19:21,10.76,0.0
2025-02-08 14:01:22,10.76,0.0
2025-02-08 14:40:31,10.76,0.0
2025-02-08 15:24:53,10.76,0.0
2025-02-08 16:06:26,10.76,0.0
2025-02-08 16:40:44,10.76,0.0
2025-02-08 17:15:51,10.76,0.0
2025-02-08 18:11:24,10.76,0.0
2025-02-08 19:01:27,10.76,0.0
2025-02-08 19:56:37,10.76,0.0
2025-02-08 20:37:17,10.76,0.0
2025-02-08 21:16:40,10.76,0.0
2025-02-08 22:13:02,10.76,0.0
2025-02-08 22:55:33,10.76,0.0
2025-02-08 23:37:41,10.76,0.0
2025-02-09 00:14:57,10.76,0.0
2025-02-09 00:47:23,10.76,0.0
2025-02-09 01:27:44,10.76,0.0
2025-02-09 02:20:20,10.76,0.0
2025-02-09 03:15:34,10.76,0.0
2025-02-09 03:50:37,10.76,0.0
2025-02-09 04:47:00,10.76,0.0
2025-02-09 05:46:22,10.76,0.0
2025-02-09 06:36:16,10.76,0.0
2025-02-09 07:33:33,10.76,0.0
2025-02-09 08:30:08,10.76,0.0
2025-02-09 09:13:48,10.76,0.0
2025-02-09 10:10:22,10.76,0.0
2025-02-09 10:50:38,10.76,0.0
2025-02-09 11:48:01,10.76,0.0
2025-02-09 12:18:55,10.76,0.0
2025-02-09 12:51:58,10.76,0.0
2025-02-09 13:42:37,10.76,0.0
2025-02-09 14:29:24,10.76,0.0
2025-02-09 15:24:54,10.76,0.0
2025-02-09 16:16:29,10.76,0.0
2025-02-09 17:03:09,10.76,0.0
2025-02-09 17:43:12,10.76,0.0
2025-02-09 18:25:17,10.76,0.0
2025-02-09 19:20:07,10.76,0.0
2025-02-09 19:53:14,10.76,0.0
2025-02-09 20:23:48,10.76,0.0
2025-02-09 21:02:08,10.76,0.0
2025-02-09 21:34:17,10.76,0.0
2025-02-09 22:17:30,10.76,0.0
2025-02-09 23:16:40,10.76,0.0
2025-02-10 00:01:36,10.76,0.0
2025-02-10 00:54:51,10.76,0.0
2025-02-10 01:42:59,10.76,0.0
2025-02-10 02:27:53,10.76,0.0
2025-02-10 02:59:58,10.76,0.0
2025-02-10 03:37:12,10.76,0.0
2025-02-10 04:13:56,10.76,0.0
2025-02-10 05:01:20,10.76,0.0
2025-02-10 05:40:49,10.76,0.0
2025-02-10 06:40:20,10.76,0.0
2025-02-10 07:11:47,10.76,0.0
2025-02-10 08:08:33,10.76,0.0
2025-02-10 09:02:45,10.76,0.0
2025-02-10 09:38:06,10.76,0.0
2025-02-10 10:18:40,10.76,0.0
2025-02-10 11:05:38,10.76,0.0
2025-02-10 11:53:57,10.76,0.0
2025-02-10 12:31:18,10.76,0.0
2025-02-10 13:07:55,10.76,0.0
2025-02-10 13:54:11,10.76,0.0
2025-02-10 14:36:09,10.76,0.0
2025-02-10 15:15:14,10.76,0.0
2025-02-10 16:15:07,10.76,0.0
2025-02-10 17:10:05,10.76,0.0
2025-02-10 17:45:20,10.76,0.0
2025-02-10 18:26:18,10.76,0.0
2025-02-10 19:02:05,10.76,0.0
2025-02-10 19:39:52,10.76,0.0
2025-02-10 20:32:14,10.76,0.0
2025-02-10 21:30:04,10.76,0.0
2025-02-10 22:26:21,10.76,0.0
2025-02-10 23:23:08,10.76,0.0
2025-02-11 00:17:18,10.76,0.0
2025-02-11 00:56:00,10.76,0.0
2025-02-11 01:44:36,10.76,0.0
2025-02-11 02:20:45,10.76,0.0
2025-02-11 02:53:13,10.76,0.0
2025-02-11 03:41:14,10.76,0.0
2025-02-11 04:33:47,10.76,0.0
2025-02-11 05:10:23,10.76,0.0
2025-02-11 05:58:03,10.76,0.0
2025-02-11 06:41:15,10.76,0.0
2025-02-11 07:39:48,10.76,0.0
2025-02-11 08:28:16,10.76,0.0
2025-02-11 09:20:25,10.76,0.0
2025-02-11 10:18:04,10.76,0.0
2025-02-11 11:17:36,10.76,0.0
2025-02-11 12:08:24,10.76,0.0
2025-02-11 12:50:08,10.76,0.0
2025-02-11 13:50:09,10.76,0.0
2025-02-11 14:26:28,10.76,0.0
2025-02-11 14:57:49,10.76,0.0
2025-02-11 15:29:33,10.76,0.0
2025-02-11 16:22:32,10.76,0.0
2025-02-11 17:08:44,10.76,0.0
2025-02-11 17:52:44,10.76,0.0
2025-02-11 18:34:02,10.76,0.0
2025-02-11 19:05:39,10.76,0.0
2025-02-11 19:46:40,10.76,0.0
2025-02-11 20:22:01,10.76,0.0
2025-02-11 20:59:00,10.76,0.0
2025-02-11 21:43:57,10.76,0.0
2025-02-11 22:42:05,10.76,0.0
2025-02-11 23:16:24,10.76,0.0
2025-02-11 23:54:51,10.76,0.0
2025-02-12 00:32:09,10.76,0.0
2025-02-12 01:10:44,10.76,0.0
2025-02-12 01:52:48,10.76,0.0
2025-02-12 02:48:32,10.76,0.0
2025-02-12 03:27:10,10.76,0.0
2025-02-12 04:09:49,10.76,0.0
2025-02-12 04:41:02,10.76,0.0
2025-02-12 05:36:35,10.76,0.0
2025-02-12 06:08:56,10.76,0.0
2025-02-12 06:42:17,10.76,0.0
2025-02-12 07:20:59,10.76,0.0
2025-02-12 08:00:30,10.76,0.0
2025-02-12 08:48:46,10.76,0.0
2025-02-12 09:41:22,10.76,0.0
2025-02-12 10:24:34,10.76,0.0
2025-02-12 10:57:04,10.76,0.0
2025-02-12 11:36:21,10.76,0.0
2025-02-12 12:32:31,10.76,0.0
2025-02-12 13:14:10,10.76,0.0
2025-02-12 14:07:34,10.76,0.0
2025-02-12 14:46:18,10.76,0.0
2025-02-12 15:31:47,10.76,0.0
2025-02-12 16:25:07,10.76,0.0
2025-02-12 17:09:16,10.76,0.0
2025-02-12 17:44:47,10.76,0.0
2025-02-12 18:30:27,10.76,0.0
2025-02-12 19:23:59,10.76,0.0
2025-02-12 20:23:32,10.76,0.0
2025-02-12 21:09:32,10.76,0.0
2025-02-12 22:09:01,10.76,0.0
2025-02-12 23:08:35,10.76,0.0
2025-02-12 23:38:49,10.76,0.0
2025-02-13 00:22:58,10.76,0.0
2025-02-13 00:58:14,10.76,0.0
2025-02-13 01:49:55,10.76,0.0
2025-02-13 02:39:46,10.76,0.0
2025-02-13 03:27:50,10.76,0.0
2025-02-13 04:17:40,10.76,0.0
2025-02-13 05:17:07,10.76,0.0
2025-02-13 06:02:49,10.76,0.0
2025-02-13 06:37:37,10.76,0.0
2025-02-13 07:21:57,10.76,0.0
2025-02-13 08:09:25,10.76,0.0
2025-02-13 08:53:17,10.76,0.0
2025-02-13 09:36:19,10.76,0.0
2025-02-13 10:18:14,10.76,0.0
2025-02-13 10:51:54,10.76,0.0
2025-02-13 11:39:25,10.76,0.0
2025-02-13 12:22:41,10.76,0.0
2025-02-13 12:56:42,10.76,0.0
2025-02-13 13:39:47,10.76,0.0
2025-02-13 14:39:38,10.76,0.0
2025-02-13 15:24:59,10.76,0.0
2025-02-13 16:21:22,10.76,0.0
2025-02-13 17:20:18,10.76,0.0
2025-02-13 17:57:42,10.76,0.0
2025-02-13 18:43:58,10.76,0.0
2025-02-13 19:24:52,10.76,0.0
2025-02-13 20:11:36,10.76,0.0
2025-02-13 20:49:17,10.76,0.0
2025-02-13 21:41:57,10.76,0.0
2025-02-13 22:20:14,10.76,0.0
2025-02-13 23:06:32,10.76,0.0
2025-02-13 23:54:08,10.76,0.0
2025-02-14 00:38:04,10.76,0.0
2025-02-14 01:15:28,10.76,0.0
2025-02-14 02:02:07,10.76,0.0
2025-02-14 02:41:39,10.76,0.0
2025-02-14 03:32:17,10.76,0.0
2025-02-14 04:27:01,10.76,0.0
2025-02-14 05:24:26,10.76,0.0
2025-02-14 06:09:46,10.76,0.0
2025-02-14 06:53:01,10.76,0.0
2025-02-14 07:52:35,10.76,0.0
2025-02-14 08:46:16,10.76,0.0
2025-02-14 09:38:14,10.76,0.0
2025-02-14 10:18:58,10.76,0.0
2025-02-14 10:55:44,10.76,0.0
2025-02-14 11:30:02,10.76,0.0
2025-02-14 12:18:41,10.76,0.0
2025-02-14 13:09:33,10.76,0.0
2025-02-14 13:57:22,10.76,0.0
2025-02-14 14:54:56,10.76,0.0
2025-02-14 15:32:12,10.76,0.0
2025-02-14 16:03:27,10.76,0.0
2025-02-14 16:50:18,10.76,0.0
2025-02-14 17:25:12,10.76,0.0
2025-02-14 18:14:37,10.76,0.0
2025-02-14 18:59:56,10.76,0.0
2025-02-14 19:31:32,10.76,0.0
2025-02-14 20:09:52,10.76,0.0
2025-02-14 21:03:46,10.76,0.0
2025-02-14 21:38:52,10.76,0.0
2025-02-14 22:18:59,10.76,0.0
2025-02-14 23:11:46,10.76,0.0
2025-02-15 00:02:23,10.76,0.0
2025-02-15 00:48:04,10.76,0.0
2025-02-15 01:25:31,10.76,0.0
2025-02-15 02:17:15,10.76,0.0
2025-02-15 03:03:15,10.76,0.0
2025-02-15 03:41:46,10.76,0.0
2025-02-15 04:13:49,10.76,0.0
2025-02-15 05:06:29,10.76,0.0
2025-02-15 05:36:36,10.76,0.0
2025-02-15 06:17:48,10.76,0.0
2025-02-15 06:50:04,10.76,0.0
2025-02-15 07:29:44,10.76,0.0
2025-02-15 08:13:41,10.76,0.0
2025-02-15 08:56:30,10.76,0.0
2025-02-15 09:47:54,10.76,0.0
2025-02-15 10:24:28,10.76,0.0
2025-02-15 11:04:32,10.76,0.0
2025-02-15 11:42:49,10.76,0.0
2025-02-15 12:38:29,10.76,0.0
2025-02-15 13:26:33,10.76,0.0
2025-02-15 13:58:18,10.76,0.0
2025-02-15 14:57:51,10.76,0.0
2025-02-15 15:32:45,10.76,0.0
2025-02-15 16:26:08,40.76,0
2025-02-15 17:20:39,40.76,0.0
2025-02-15 17:52:47,40.76,0.0
2025-02-15 18:42:50,40.76,0.0
2025-02-15 19:38:15,40.76,0.0
2025-02-15 20:29:53,40.76,0.0
2025-02-15 21:02:59,40.76,0.0
2025-02-15 21:51:29,40.76,0.0
2025-02-15 22:22:58,40.76,0.0
2025-02-15 23:02:00,40.76,0.0
2025-02-15 23:51:25,39.51,1.25
2025-02-16 00:48:12,38.36,1.1499999999999986
2025-02-16 01:41:35,37.26,1.1000000000000014
2025-02-16 02:12:45,36.21,1.0499999999999972
2025-02-16 02:43:29,36.21,0.0
2025-02-16 03:15:28,35.01,1.2000000000000028
2025-02-16 04:02:25,35.01,0.0
2025-02-16 04:36:58,33.86,1.1499999999999986
2025-02-16 05:25:39,32.71,1.1499999999999986
2025-02-16 06:03:50,32.71,0.0
2025-02-16 06:44:44,31.61,1.1000000000000014
2025-02-16 07:15:05,31.61,0.0
2025-02-16 07:55:06,30.41,1.1999999999999993
2025-02-16 08:34:27,30.41,0.0
2025-02-16 09:33:28,29.71,0.6999999999999993
2025-02-16 10:31:32,29.71,0.0
2025-02-16 11:25:20,29.71,0.0
2025-02-16 12:17:28,29.71,0.0
2025-02-16 13:14:33,29.71,0.0
2025-02-16 13:51:42,29.71,0.0
2025-02-16 14:32:07,29.71,0.0
2025-02-16 15:31:06,29.71,0.0
2025-02-16 16:22:40,29.71,0.0
2025-02-16 17:09:31,29.71,0.0
2025-02-16 17:56:14,28.71,1.0
2025-02-16 18:35:07,28.71,0.0
2025-02-16 19:15:11,28.71,0.0
2025-02-16 19:53:56,28.71,0.0
2025-02-16 20:31:14,28.71,0.0
2025-02-16 21:17:36,28.71,0.0
2025-02-16 21:53:14,28.71,0.0
2025-02-16 22:36:02,28.71,0.0
2025-02-16 23:13:28,27.56,1.1500000000000021
2025-02-17 00:10:28,26.51,1.0499999999999972
2025-02-17 01:06:54,25.51,1.0
2025-02-17 02:01:13,24.36,1.1500000000000021
2025-02-17 02:56:20,23.21,1.1499999999999986
2025-02-17 03:28:35,23.21,0.0
2025-02-17 04:06:30,22.21,1.0
2025-02-17 04:38:24,22.21,0.0
2025-02-17 05:30:58,21.16,1.0500000000000007
2025-02-17 06:11:20,21.16,0.0
2025-02-17 06:44:34,20.01,1.1499999999999986
2025-02-17 07:43:11,20.01,0.0
2025-02-17 08:42:43,18.91,1.1000000000000014
2025-02-17 09:33:34,18.91,0.0
2025-02-17 10:20:50,18.91,0.0
2025-02-17 11:15:21,18.91,0.0
2025-02-17 11:49:48,18.91,0.0
2025-02-17 12:42:16,17.91,1.0
2025-02-17 13:29:43,17.91,0.0
2025-02-17 14:01:54,17.91,0.0
2025-02-17 14:36:19,17.91,0.0
2025-02-17 15:28:19,17.91,0.0
2025-02-17 16:20:34,17.91,0.0
2025-02-17 17:03:27,17.91,0.0
2025-02-17 18:01:51,17.91,0.0
2025-02-17 18:38:09,17.91,0.0
2025-02-17 19:23:15,17.91,0.0
2025-02-17 20:13:47,16.91,1.0
2025-02-17 21:02:30,16.91,0.0
2025-02-17 21:42:16,16.91,0.0
2025-02-17 22:31:46,15.86,1.0500000000000007
2025-02-17 23:06:10,38.57,0
2025-02-17 23:52:17,37.57,1.0
2025-02-18 00:37:50,36.52,1.0499999999999972
2025-02-18 01:19:43,36.52,0.0
2025-02-18 01:56:36,35.42,1.1000000000000014
2025-02-18 02:39:40,35.42,0.0
2025-02-18 03:15:49,34.42,1.0
2025-02-18 04:01:27,34.42,0.0
2025-02-18 04:38:20,34.42,0.0
2025-02-18 05:13:51,33.32,1.1000000000000014
2025-02-18 06:08:38,33.32,0.0
2025-02-18 06:56:50,32.22,1.1000000000000014
2025-02-18 07:44:03,32.22,0.0
2025-02-18 08:31:13,31.22,1.0
2025-02-18 09:10:52,31.22,0.0
2025-02-18 10:09:54,31.22,0.0
2025-02-18 10:51:06,31.22,0.0
2025-02-18 11:30:10,31.22,0.0
2025-02-18 12:25:52,30.22,1.0
2025-02-18 13:18:29,30.22,0.0
2025-02-18 14:03:21,30.22,0.0
2025-02-18 14:50:48,30.22,0.0
2025-02-18 15:28:18,30.22,0.0
2025-02-18 16:23:44,30.22,0.0
2025-02-18 17:19:00,30.22,0.0
2025-02-18 18:11:41,30.22,0.0
2025-02-18 18:56:46,30.22,0.0
2025-02-18 19:27:50,29.22,1.0
2025-02-18 20:11:27,29.22,0.0
2025-02-18 20:50:13,28.02,1.1999999999999993
2025-02-18 21:26:07,26.97,1.0500000000000007
2025-02-19 12:06:27,16.12,10.849999999999998
2025-02-19 12:54:35,16.12,0.0
2025-02-19 13:50:24,16.12,0.0
2025-02-19 14:26:37,16.12,0.0
2025-02-19 14:58:48,16.12,0.0
2025-02-19 16:50:06,16.12,0.0
2025-02-19 17:26:06,16.12,0.0
2025-02-19 18:23:20,15.12,1.0000000000000018
2025-02-19 19:10:03,15.12,0.0
2025-02-19 20:01:47,15.12,0.0
2025-02-19 21:01:10,15.12,0.0
2025-02-19 21:58:04,15.12,0.0
2025-02-19 22:34:17,13.87,1.25
2025-02-19 23:28:56,12.67,1.1999999999999993
2025-02-20 00:17:19,11.47,1.1999999999999993
2025-02-20 00:59:24,11.47,0.0
2025-02-20 01:31:59,10.47,1.0
2025-02-20 02:15:53,10.47,0.0
2025-02-20 03:14:42,9.32,1.1500000000000004
2025-02-20 04:01:28,8.27,1.0500000000000007
2025-02-20 04:59:17,7.27,1.0
2025-02-20 05:30:59,7.27,0.0
2025-02-20 06:15:55,6.17,1.0999999999999996
2025-02-20 07:01:58,6.17,0.0
2025-02-20 08:00:34,5.07,1.0999999999999996
2025-02-20 08:37:45,4.57,0.5
2025-02-20 09:30:32,3.57,1.0000000000000004
2025-02-20 10:07:42,3.07,0.5
2025-02-20 11:03:02,2.57,0.5
2025-02-20 11:42:46,1.97,0.5999999999999999
2025-02-20 12:20:30,1.97,0.0
2025-02-20 13:15:59,1.97,0.0
2025-02-20 14:05:53,1.97,0.0
2025-02-20 14:46:58,1.97,0.0
2025-02-20 15:28:48,1.97,0.0
2025-02-20 16:11:01,1.97,0.0
2025-02-20 17:02:35,1.97,0.0
2025-02-20 18:01:20,1.97,0.0
2025-02-20 18:44:31,1.97,0.0
2025-02-20 19:15:20,1.97,0.0
2025-02-20 19:48:19,1.47,0.5
2025-02-20 20:28:34,1.47,0.0
2025-02-20 21:17:16,1.47,0.0
2025-02-20 21:49:14,1.47,0.0
2025-02-20 22:21:27,1.47,0.0
2025-02-20 23:11:43,0.77,0.7
2025-02-20 23:52:58,-0.33,1.1
2025-02-21 00:33:54,-0.98,0.6499999999999999
2025-02-21 01:29:35,-1.63,0.6499999999999999
2025-02-21 02:26:23,-2.73,1.1
2025-02-21 03:06:22,-3.28,0.5499999999999998
2025-02-21 04:05:59,-3.78,0.5
2025-02-21 05:02:10,-4.83,1.0500000000000003
2025-02-21 05:36:04,-5.33,0.5
2025-02-21 06:24:10,-5.88,0.5499999999999998
2025-02-21 07:13:15,-5.88,0.0
2025-02-21 07:46:53,-5.88,0.0
2025-02-21 08:26:28,-5.88,0.0
2025-02-21 09:08:51,17.93,0
2025-02-21 10:08:44,17.93,0.0
2025-02-21 10:45:27,17.93,0.0
2025-02-21 11:26:13,17.93,0.0
2025-02-21 12:25:40,17.93,0.0
2025-02-21 13:09:47,17.93,0.0
2025-02-21 14:00:42,17.93,0.0
2025-02-21 14:44:07,17.93,0.0
2025-02-21 15:38:27,16.93,1.0
2025-02-21 16:09:42,16.93,0.0
2025-02-21 17:02:08,16.93,0.0
2025-02-21 17:49:37,16.93,0.0
2025-02-21 18:31:45,16.93,0.0
2025-02-21 19:07:34,16.93,0.0
2025-02-21 19:53:40,16.93,0.0
2025-02-21 20:41:38,15.93,1.0
2025-02-21 21:16:55,15.93,0.0
2025-02-21 21:48:54,15.93,0.0
2025-02-21 22:48:23,15.93,0.0
2025-02-21 23:29:05,14.78,1.1500000000000004
2025-02-22 00:22:05,13.73,1.049999999999999
2025-02-22 00:55:57,13.73,0.0
2025-02-22 01:27:37,12.58,1.1500000000000004
2025-02-22 02:13:33,11.48,1.0999999999999996
2025-02-22 02:46:01,11.48,0.0
2025-02-22 03:30:14,10.38,1.0999999999999996
2025-02-22 04:27:39,10.38,0.0
2025-02-22 05:24:55,9.33,1.0500000000000007
2025-02-22 06:24:10,8.28,1.0500000000000007
2025-02-22 07:03:43,7.23,1.049999999999999
2025-02-22 07:40:02,7.23,0.0
2025-02-22 08:19:02,6.13,1.1000000000000005
2025-02-22 08:54:26,6.13,0.0
2025-02-22 09:40:16,5.03,1.0999999999999996
2025-02-22 10:27:14,4.38,0.6500000000000004
2025-02-22 11:21:44,3.33,1.0499999999999998
2025-02-22 12:11:44,2.63,0.7000000000000002
2025-02-22 13:04:47,2.63,0.0
2025-02-22 13:49:56,2.63,0.0
2025-02-22 14:48:40,2.13,0.5
2025-02-22 15:22:49,2.13,0.0
2025-02-22 15:54:43,1.63,0.5
2025-02-22 16:28:49,1.63,0.0
2025-02-22 17:16:15,1.63,0.0
2025-02-22 18:10:15,1.08,0.5499999999999998
2025-02-22 19:10:10,1.08,0.0
2025-02-22 19:54:08,0.58,0.5000000000000001
2025-02-22 20:28:18,0.58,0.0
2025-02-22 21:16:41,48.2,0
2025-02-22 22:09:41,572.02,0
2025-02-22 23:09:18,951.93,0
2025-02-23 00:07:20,951.93,0.0
2025-02-23 00:48:56,951.93,0.0
2025-02-23 01:47:04,951.93,0.0
2025-02-23 02:41:08,951.93,0.0
2025-02-23 03:22:37,951.93,0.0
2025-02-23 04:13:28,951.93,0.0
2025-02-23 04:46:21,951.93,0.0
2025-02-23 05:22:10,951.93,0.0
2025-02-23 06:20:09,951.93,0.0
2025-02-23 07:03:07,951.93,0.0
2025-02-23 07:54:23,951.93,0.0
2025-02-23 08:37:51,951.93,0.0
2025-02-23 09:23:09,951.93,0.0
2025-02-23 09:56:26,951.93,0.0
2025-02-23 10:47:45,951.93,0.0
2025-02-23 11:46:39,951.93,0.0
2025-02-23 12:39:29,950.93,1.0
2025-02-23 13:37:10,950.93,0.0
2025-02-23 14:15:52,950.93,0.0
2025-02-23 15:03:50,950.93,0.0
2025-02-23 15:54:00,949.88,1.0499999999999545
2025-02-23 16:43:14,949.88,0.0
2025-02-23 17:38:27,949.88,0.0
2025-02-23 18:17:37,948.88,1.0
2025-02-23 18:49:00,948.88,0.0
2025-02-23 19:23:31,948.88,0.0
2025-02-23 19:58:02,948.88,0.0
2025-02-23 20:47:18,947.88,1.0
2025-02-23 21:19:15,947.88,0.0
2025-02-23 22:15:30,946.68,1.2000000000000455
2025-02-23 22:51:26,945.48,1.1999999999999318
2025-02-23 23:46:05,944.33,1.1499999999999773
2025-02-24 00:34:15,943.23,1.1000000000000227
2025-02-24 01:10:07,943.23,0.0
2025-02-24 02:07:16,941.23,2.0
2025-02-24 02:58:20,941.23,0.0
2025-02-24 03:30:59,940.13,1.1000000000000227
2025-02-24 04:07:26,940.13,0.0
2025-02-24 04:58:27,939.08,1.0499999999999545
2025-02-24 05:32:28,938.03,1.0500000000000682
2025-02-24 06:03:59,938.03,0.0
2025-02-24 06:46:17,936.83,1.1999999999999318
2025-02-24 07:25:16,935.78,1.0500000000000682
2025-02-24 08:07:34,935.78,0.0
2025-02-24 08:53:12,935.78,0.0
2025-02-24 09:42:35,935.78,0.0
2025-02-24 10:35:33,935.78,0.0
2025-02-24 11:08:44,935.78,0.0
2025-02-24 11:41:09,935.78,0.0
2025-02-24 12:33:18,934.73,1.0499999999999545
2025-02-24 13:23:25,934.73,0.0
2025-02-24 14:13:10,934.73,0.0
2025-02-24 15:03:25,934.73,0.0
2025-02-24 15:35:41,934.73,0.0
2025-02-24 16:12:36,934.73,0.0
2025-02-24 16:50:21,933.73,1.0
2025-02-24 17:38:40,933.48,0.25
2025-02-24 18:11:26,933.48,0.0
2025-02-24 19:08:11,933.48,0.0
2025-02-24 19:59:13,933.48,0.0
2025-02-24 20:44:52,933.48,0.0
2025-02-24 21:31:34,933.48,0.0
2025-02-24 22:15:44,933.48,0.0
2025-02-24 22:48:12,933.48,0.0
2025-02-24 23:19:49,932.48,1.0
2025-02-24 23:55:02,932.48,0.0
2025-02-25 00:33:07,932.48,0.0
2025-02-25 01:22:50,932.48,0.0
2025-02-25 01:54:38,932.48,0.0
2025-02-25 02:37:11,932.48,0.0
2025-02-25 03:08:26,932.48,0.0
2025-02-25 04:07:36,932.48,0.0
2025-02-25 05:07:09,932.48,0.0
2025-02-25 06:01:41,932.48,0.0
2025-02-25 06:55:48,932.48,0.0
2025-02-25 07:33:39,932.48,0.0
2025-02-25 08:32:45,932.48,0.0
2025-02-25 09:28:44,932.48,0.0
2025-02-25 10:10:29,932.48,0.0
2025-02-25 11:00:13,932.48,0.0
2025-02-25 11:44:37,931.63,0.8500000000000227
2025-02-25 12:38:08,931.63,0.0
2025-02-25 13:16:41,931.63,0.0
2025-02-25 14:14:54,931.63,0.0
2025-02-25 14:52:18,930.58,1.0499999999999545
2025-02-25 15:24:32,930.58,0.0
2025-02-25 16:00:25,930.58,0.0
2025-02-25 16:36:33,930.58,0.0
2025-02-25 17:30:11,930.58,0.0
2025-02-25 18:26:05,929.58,1.0
2025-02-25 19:00:43,929.58,0.0
2025-02-25 19:41:58,929.58,0.0
2025-02-25 20:29:37,929.58,0.0
2025-02-25 21:12:48,928.53,1.0500000000000682
2025-02-25 22:12:24,928.53,0.0
2025-02-25 22:46:40,927.53,1.0
2025-02-25 23:37:26,927.53,0.0
2025-02-26 00:16:59,927.53,0.0
2025-02-26 01:16:17,927.53,0.0
2025-02-26 01:52:41,927.53,0.0
2025-02-26 02:26:38,927.53,0.0
2025-02-26 03:23:22,927.53,0.0
2025-02-26 04:03:44,927.53,0.0
2025-02-26 04:47:10,927.53,0.0
2025-02-26 05:28:51,927.53,0.0
2025-02-26 06:18:16,927.53,0.0
2025-02-26 07:09:37,927.53,0.0
2025-02-26 08:02:15,927.53,0.0
2025-02-26 08:48:20,927.53,0.0
2025-02-26 09:22:45,926.53,1.0
2025-02-26 10:00:30,926.53,0.0
2025-02-26 10:42:19,926.53,0.0
2025-02-26 11:17:10,926.53,0.0
2025-02-26 12:00:14,926.53,0.0
2025-02-26 12:36:26,926.53,0.0
2025-02-26 13:34:07,926.53,0.0
2025-02-26 14:26:26,925.48,1.0499999999999545
2025-02-26 15:16:24,925.48,0.0
2025-02-26 15:56:02,925.48,0.0
2025-02-26 16:43:24,925.48,0.0
2025-02-26 17:34:14,924.48,1.0
2025-02-26 18:33:24,924.48,0.0
2025-02-26 19:23:07,924.48,0.0
2025-02-26 20:06:19,924.48,0.0
2025-02-26 21:05:53,924.48,0.0
2025-02-26 22:03:00,923.48,1.0
2025-02-26 23:00:22,923.48,0.0
2025-02-26 23:36:27,922.48,1.0
2025-02-27 00:28:24,922.48,0.0
2025-02-27 01:00:22,922.48,0.0
2025-02-27 01:50:07,922.48,0.0
2025-02-27 02:23:48,922.48,0.0
2025-02-27 03:11:28,922.48,0.0
2025-02-27 04:09:22,922.48,0.0
2025-02-27 04:40:33,922.48,0.0
2025-02-27 05:30:48,922.48,0.0
2025-02-27 06:15:41,922.48,0.0
2025-02-27 06:47:51,922.48,0.0
2025-02-27 07:22:38,922.48,0.0
2025-02-27 08:03:09,922.48,0.0
2025-02-27 08:48:46,922.48,0.0
2025-02-27 09:37:20,922.48,0.0
2025-02-27 10:10:45,922.48,0.0
2025-02-27 10:57:10,922.48,0.0
2025-02-27 11:31:10,922.48,0.0
2025-02-27 12:30:14,922.48,0.0
2025-02-27 13:02:54,922.48,0.0
2025-02-27 14:00:43,921.48,1.0
2025-02-27 14:37:40,921.48,0.0
2025-02-27 15:16:12,921.48,0.0
2025-02-27 16:11:49,921.48,0.0
2025-02-27 16:42:41,921.48,0.0
2025-02-27 17:29:39,920.43,1.0500000000000682
2025-02-27 18:18:40,920.43,0.0
2025-02-27 19:09:20,920.43,0.0
2025-02-27 20:08:17,920.43,0.0
2025-02-27 20:46:08,920.43,0.0
2025-02-27 21:36:38,919.43,1.0
2025-02-27 22:30:15,919.43,0.0
2025-02-27 23:17:15,919.43,0.0
2025-02-27 23:48:00,918.38,1.0499999999999545
2025-02-28 00:39:27,918.38,0.0
2025-02-28 01:10:28,918.38,0.0
2025-02-28 02:02:14,918.38,0.0
2025-02-28 02:33:56,918.38,0.0
2025-02-28 03:08:33,918.38,0.0
2025-02-28 04:03:17,918.38,0.0
2025-02-28 04:39:32,918.38,0.0
2025-02-28 05:37:18,918.38,0.0
2025-02-28 06:29:54,918.38,0.0
2025-02-28 07:07:59,918.38,0.0
2025-02-28 07:58:44,918.38,0.0
2025-02-28 08:50:47,918.38,0.0
2025-02-28 09:38:48,918.38,0.0
2025-02-28 10:32:09,918.38,0.0
2025-02-28 11:22:27,918.38,0.0
2025-02-28 12:07:07,918.38,0.0
2025-02-28 12:38:21,917.38,1.0
2025-02-28 13:17:56,917.38,0.0
2025-02-28 13:51:02,917.38,0.0
2025-02-28 14:32:27,917.38,0.0
2025-02-28 15:08:34,917.38,0.0
2025-02-28 15:44:34,917.38,0.0
2025-02-28 16:31:45,917.38,0.0
2025-02-28 17:23:56,917.38,0.0
2025-02-28 18:22:01,916.38,1.0
2025-02-28 19:03:41,916.38,0.0
2025-02-28 19:34:11,916.38,0.0
2025-02-28 20:13:36,916.38,0.0
2025-02-28 20:53:08,915.38,1.0
2025-02-28 21:23:27,915.38,0.0
2025-02-28 21:59:38,915.38,0.0
2025-02-28 22:53:11,915.38,0.0
2025-02-28 23:45:58,914.33,1.0499999999999545
2025-03-01 00:31:27,914.33,0.0
2025-03-01 01:22:38,914.33,0.0
2025-03-01 01:56:33,914.33,0.0
2025-03-01 02:28:23,914.33,0.0
2025-03-01 03:18:29,914.33,0.0
2025-03-01 03:53:09,914.33,0.0
2025-03-01 04:27:00,914.33,0.0
2025-03-01 04:57:08,914.33,0.0
2025-03-01 05:27:57,914.33,0.0
2025-03-01 06:07:11,914.33,0.0
2025-03-01 07:04:43,944.33,0
2025-03-01 07:50:00,944.33,0.0
2025-03-01 08:40:55,944.33,0.0
2025-03-01 09:18:00,944.33,0.0
2025-03-01 09:52:18,944.33,0.0
2025-03-01 10:23:26,944.33,0.0
2025-03-01 11:12:17,944.33,0.0
2025-03-01 11:53:43,944.33,0.0
2025-03-01 12:48:32,944.33,0.0
2025-03-01 13:35:43,944.33,0.0
2025-03-01 14:17:32,944.33,0.0
2025-03-01 15:09:04,944.33,0.0
2025-03-01 15:46:44,944.33,0.0
2025-03-01 16:37:39,942.78,1.5500000000000682
2025-03-01 17:20:26,942.78,0.0
2025-03-01 17:52:07,942.78,0.0
2025-03-01 18:36:24,942.78,0.0
2025-03-01 19:22:01,942.78,0.0
2025-03-01 19:53:25,941.78,1.0
2025-03-01 20:36:08,941.78,0.0
2025-03-01 21:27:54,941.78,0.0
2025-03-01 22:27:54,941.78,0.0
2025-03-01 22:58:35,940.73,1.0499999999999545
2025-03-01 23:42:31,940.73,0.0
2025-03-02 00:34:51,940.73,0.0
2025-03-02 01:11:44,940.73,0.0
2025-03-02 02:03:17,940.73,0.0
2025-03-02 02:38:43,940.73,0.0
2025-03-02 03:25:27,940.73,0.0
2025-03-02 04:04:32,940.73,0.0
2025-03-02 04:36:27,940.73,0.0
2025-03-02 05:09:24,940.73,0.0
2025-03-02 05:51:45,940.73,0.0
2025-03-02 06:23:01,940.73,0.0
2025-03-02 07:17:36,940.73,0.0
2025-03-02 07:48:48,940.73,0.0
2025-03-02 08:23:34,940.73,0.0
2025-03-02 09:05:15,940.73,0.0
2025-03-02 10:02:51,940.73,0.0
2025-03-02 10:45:50,940.73,0.0
2025-03-02 11:34:27,940.73,0.0
2025-03-02 12:31:33,940.73,0.0
2025-03-02 13:16:58,939.73,1.0
2025-03-02 13:58:28,939.73,0.0
2025-03-02 14:29:02,939.73,0.0
2025-03-02 15:00:00,939.73,0.0
2025-03-02 15:30:05,939.73,0.0
2025-03-02 16:21:23,938.73,1.0
2025-03-02 17:01:41,938.73,0.0
2025-03-02 18:00:22,938.73,0.0
2025-03-02 18:55:32,938.73,0.0
2025-03-02 19:29:12,938.73,0.0
2025-03-02 20:13:32,937.63,1.1000000000000227
2025-03-02 21:02:07,937.63,0.0
2025-03-02 21:56:41,936.53,1.1000000000000227
2025-03-02 22:47:45,936.53,0.0
2025-03-02 23:24:48,935.48,1.0499999999999545
2025-03-03 00:14:50,935.48,0.0
2025-03-03 01:01:28,935.48,0.0
2025-03-03 01:53:33,935.48,0.0
2025-03-03 02:38:00,935.48,0.0
2025-03-03 03:13:29,935.48,0.0
2025-03-03 03:52:45,935.48,0.0
2025-03-03 04:24:32,935.48,0.0
2025-03-03 05:02:55,935.48,0.0
2025-03-03 05:44:33,935.48,0.0
2025-03-03 06:27:12,935.48,0.0
2025-03-03 07:02:17,935.48,0.0
2025-03-03 07:34:22,935.48,0.0
2025-03-03 08:13:22,935.48,0.0
2025-03-03 08:54:11,935.48,0.0
2025-03-03 09:52:34,935.48,0.0
2025-03-03 10:39:26,935.48,0.0
2025-03-03 11:14:37,935.48,0.0
2025-03-03 11:50:12,934.48,1.0
2025-03-03 12:34:54,934.48,0.0
2025-03-03 13:17:13,934.48,0.0
2025-03-03 14:05:43,934.48,0.0
2025-03-03 15:03:06,934.48,0.0
2025-03-03 15:45:35,934.48,0.0
2025-03-03 16:44:27,934.48,0.0
2025-03-03 17:42:46,934.48,0.0
2025-03-03 18:42:01,933.48,1.0
2025-03-03 19:37:46,933.48,0.0
2025-03-03 20:12:25,933.48,0.0
2025-03-03 20:53:35,933.48,0.0
2025-03-03 21:30:46,933.48,0.0
2025-03-03 22:18:51,932.43,1.0500000000000682
2025-03-03 23:07:53,932.43,0.0
2025-03-03 23:49:55,932.43,0.0
2025-03-04 00:45:30,932.43,0.0
2025-03-04 01:26:58,932.43,0.0
2025-03-04 02:03:50,932.43,0.0
2025-03-04 02:44:32,931.43,1.0
2025-03-04 03:18:10,931.43,0.0
2025-03-04 03:53:12,931.43,0.0
2025-03-04 04:49:27,931.43,0.0
2025-03-04 05:19:54,931.43,0.0
2025-03-04 06:04:49,931.43,0.0
2025-03-04 06:55:07,931.43,0.0
2025-03-04 07:51:32,931.43,0.0
2025-03-04 08:38:05,931.43,0.0
2025-03-04 09:35:21,931.43,0.0
2025-03-04 10:06:56,931.43,0.0
2025-03-04 11:05:31,931.43,0.0
2025-03-04 11:59:04,931.43,0.0
2025-03-04 12:31:32,931.43,0.0
2025-03-04 13:10:40,930.43,1.0
2025-03-04 13:52:26,930.43,0.0
2025-03-04 14:50:29,930.43,0.0
2025-03-04 15:46:10,929.38,1.0499999999999545
2025-03-04 16:28:27,929.38,0.0
2025-03-04 17:01:16,929.38,0.0
2025-03-04 17:53:22,928.38,1.0
2025-03-04 18:40:39,928.38,0.0
2025-03-04 19:24:56,928.38,0.0
2025-03-04 20:19:37,927.33,1.0499999999999545
2025-03-04 21:17:00,927.33,0.0
2025-03-04 22:16:23,927.33,0.0
2025-03-04 22:50:05,926.28,1.0500000000000682
2025-03-04 23:34:12,926.28,0.0
2025-03-05 00:30:45,926.28,0.0
2025-03-05 01:13:41,926.28,0.0
2025-03-05 02:11:31,926.28,0.0
2025-03-05 03:02:01,926.28,0.0
2025-03-05 03:46:42,926.28,0.0
2025-03-05 04:33:13,926.28,0.0
2025-03-05 05:23:55,926.28,0.0
2025-03-05 06:13:25,926.28,0.0
2025-03-05 06:49:58,926.28,0.0
2025-03-05 07:26:20,925.28,1.0
2025-03-05 08:02:24,925.28,0.0
2025-03-05 08:51:35,925.28,0.0
2025-03-05 09:29:38,925.28,0.0
2025-03-05 10:18:26,925.28,0.0
2025-03-05 10:52:26,925.28,0.0
2025-03-05 11:32:47,925.28,0.0
2025-03-05 12:28:31,925.28,0.0
2025-03-05 13:21:27,925.28,0.0
2025-03-05 13:58:54,924.28,1.0
2025-03-05 14:48:57,924.28,0.0
2025-03-05 15:25:15,924.28,0.0
2025-03-05 16:18:27,923.58,0.6999999999999318
2025-03-05 17:02:01,923.58,0.0
2025-03-05 17:44:13,923.58,0.0
2025-03-05 18:41:50,923.58,0.0
2025-03-05 19:29:51,923.58,0.0
2025-03-05 20:14:26,923.58,0.0
2025-03-05 20:57:58,922.58,1.0
2025-03-05 21:31:43,922.58,0.0
2025-03-05 22:22:25,922.58,0.0
2025-03-05 23:09:23,921.48,1.1000000000000227
2025-03-06 00:08:00,921.48,0.0
2025-03-06 00:41:19,921.48,0.0
2025-03-06 01:33:40,921.48,0.0
2025-03-06 02:12:36,921.48,0.0
2025-03-06 02:49:03,921.48,0.0
2025-03-06 03:27:40,921.48,0.0
2025-03-06 04:12:31,921.48,0.0
2025-03-06 05:05:57,921.48,0.0
2025-03-06 06:05:46,921.48,0.0
2025-03-06 06:54:46,921.48,0.0
2025-03-06 07:35:02,921.48,0.0
2025-03-06 08:14:43,921.48,0.0
2025-03-06 09:07:58,921.48,0.0
2025-03-06 09:38:54,921.48,0.0
2025-03-06 10:23:52,921.48,0.0
2025-03-06 11:02:24,921.48,0.0
2025-03-06 11:38:46,921.48,0.0
2025-03-06 12:35:40,921.48,0.0
2025-03-06 13:29:49,920.48,1.0
2025-03-06 14:15:14,920.48,0.0
2025-03-06 15:08:15,920.48,0.0
2025-03-06 15:53:35,920.48,0.0
2025-03-06 16:40:47,919.48,1.0
2025-03-06 17:21:00,919.48,0.0
2025-03-06 17:54:16,919.48,0.0
2025-03-06 18:26:31,919.48,0.0
2025-03-06 19:11:31,919.48,0.0
2025-03-06 19:49:23,918.48,1.0
2025-03-06 20:43:57,918.48,0.0
2025-03-06 21:35:05,918.48,0.0
2025-03-06 22:33:48,917.48,1.0
2025-03-06 23:28:08,917.48,0.0
2025-03-07 00:01:18,917.48,0.0
2025-03-07 00:59:35,917.48,0.0
2025-03-07 01:30:17,917.48,0.0
2025-03-07 02:11:21,917.48,0.0
2025-03-07 02:41:21,917.48,0.0
2025-03-07 03:19:46,917.48,0.0
2025-03-07 04:02:41,917.48,0.0
2025-03-07 04:45:22,917.48,0.0
2025-03-07 05:23:58,917.48,0.0
2025-03-07 06:00:47,917.48,0.0
2025-03-07 06:58:11,916.48,1.0
2025-03-07 07:45:32,916.48,0.0
2025-03-07 08:43:15,916.48,0.0
2025-03-07 09:23:39,916.48,0.0
2025-03-07 09:54:55,916.48,0.0
2025-03-07 10:36:46,916.48,0.0
2025-03-07 11:20:03,916.48,0.0
2025-03-07 11:54:18,915.43,1.0500000000000682
2025-03-07 12:44:44,915.43,0.0
2025-03-07 13:28:49,915.43,0.0
2025-03-07 14:02:50,915.43,0.0
2025-03-07 14:54:30,915.43,0.0
2025-03-07 15:24:48,915.43,0.0
2025-03-07 16:07:44,915.43,0.0
2025-03-07 16:38:36,914.43,1.0
2025-03-07 17:28:02,914.43,0.0
2025-03-07 18:04:02,914.43,0.0
2025-03-07 18:41:02,914.43,0.0
2025-03-07 19:24:11,914.43,0.0
2025-03-07 20:07:22,913.33,1.099999999999909
2025-03-07 20:47:40,913.33,0.0
2025-03-07 21:43:39,912.33,1.0
2025-03-07 22:25:40,912.33,0.0
2025-03-07 23:10:36,911.28,1.0500000000000682
2025-03-07 23:41:12,911.28,0.0
2025-03-08 00:19:25,911.28,0.0
2025-03-08 00:59:22,911.28,0.0
2025-03-08 01:50:52,911.28,0.0
2025-03-08 02:29:27,911.28,0.0
2025-03-08 03:01:43,911.28,0.0
2025-03-08 03:41:43,911.28,0.0
2025-03-08 04:12:19,911.28,0.0
2025-03-08 04:44:46,911.28,0.0
2025-03-08 05:34:27,911.28,0.0
2025-03-08 06:10:37,911.28,0.0
2025-03-08 06:54:48,911.28,0.0
2025-03-08 07:34:14,910.28,1.0
2025-03-08 08:26:34,910.28,0.0
2025-03-08 09:13:01,910.28,0.0
2025-03-08 09:52:38,910.28,0.0
2025-03-08 10:31:52,910.28,0.0
2025-03-08 11:16:54,910.28,0.0
2025-03-08 12:16:08,910.28,0.0
2025-03-08 13:02:56,910.28,0.0
2025-03-08 13:48:40,909.28,1.0
2025-03-08 14:24:59,909.28,0.0
2025-03-08 15:21:20,909.28,0.0
2025-03-08 15:56:50,908.28,1.0
2025-03-08 16:32:55,908.28,0.0
2025-03-08 17:06:55,908.28,0.0
2025-03-08 17:37:12,908.28,0.0
2025-03-08 18:32:15,908.28,0.0
2025-03-08 19:19:14,907.28,1.0
2025-03-08 20:00:08,907.28,0.0
2025-03-08 20:50:19,907.28,0.0
2025-03-08 21:42:58,906.28,1.0
2025-03-08 22:39:24,906.28,0.0
2025-03-08 23:34:05,906.28,0.0
2025-03-09 00:07:33,905.28,1.0
2025-03-09 00:43:40,905.28,0.0
2025-03-09 01:41:00,905.28,0.0
2025-03-09 02:21:00,905.28,0.0
2025-03-09 02:53:25,905.28,0.0
2025-03-09 03:45:17,905.28,0.0
2025-03-09 04:33:43,905.28,0.0
2025-03-09 05:15:55,905.28,0.0
2025-03-09 05:56:07,905.28,0.0
2025-03-09 06:42:05,905.28,0.0
2025-03-09 07:28:35,905.28,0.0
2025-03-09 07:59:21,905.28,0.0
2025-03-09 08:58:57,905.28,0.0
2025-03-09 09:46:17,905.28,0.0
2025-03-09 10:35:03,905.28,0.0
2025-03-09 11:12:26,905.28,0.0
2025-03-09 11:57:21,904.28,1.0
2025-03-09 12:36:45,904.28,0.0
2025-03-09 13:16:54,904.28,0.0
2025-03-09 13:54:53,904.28,0.0
2025-03-09 14:41:51,903.23,1.0499999999999545
2025-03-09 15:41:31,903.23,0.0
2025-03-09 16:18:42,903.23,0.0
2025-03-09 16:56:11,903.23,0.0
2025-03-09 17:52:55,902.23,1.0
2025-03-09 18:51:35,902.23,0.0
2025-03-09 19:48:04,902.23,0.0
2025-03-09 20:34:16,901.18,1.0500000000000682
2025-03-09 21:13:49,901.18,0.0
2025-03-09 21:56:57,900.13,1.0499999999999545
2025-03-09 22:38:55,900.13,0.0
2025-03-09 23:30:41,899.13,1.0
2025-03-10 00:19:48,899.13,0.0
2025-03-10 01:18:51,899.13,0.0
2025-03-10 02:08:25,899.13,0.0
2025-03-10 03:04:52,899.13,0.0
2025-03-10 03:37:14,899.13,0.0
2025-03-10 04:16:13,899.13,0.0
2025-03-10 04:53:54,899.13,0.0
2025-03-10 05:46:46,899.13,0.0
2025-03-10 06:36:55,899.13,0.0
2025-03-10 07:25:49,899.13,0.0
2025-03-10 08:19:21,899.13,0.0
2025-03-10 08:56:40,899.13,0.0
2025-03-10 09:41:43,899.13,0.0
2025-03-10 10:22:03,899.13,0.0
2025-03-10 11:08:10,898.13,1.0
2025-03-10 11:46:00,898.13,0.0
2025-03-10 12:24:45,898.13,0.0
2025-03-10 12:58:44,898.13,0.0
2025-03-10 13:53:57,898.13,0.0
2025-03-10 14:35:30,898.13,0.0
2025-03-10 15:33:14,898.13,0.0
2025-03-10 16:03:21,897.13,1.0
2025-03-10 16:34:34,897.13,0.0
2025-03-10 17:33:12,897.13,0.0
2025-03-10 18:25:34,897.13,0.0
2025-03-10 18:58:09,897.13,0.0
2025-03-10 19:33:54,896.13,1.0
2025-03-10 20:31:48,896.13,0.0
2025-03-10 21:27:17,896.13,0.0
2025-03-10 22:18:34,896.13,0.0
2025-03-10 23:14:31,895.13,1.0
2025-03-10 23:45:04,895.13,0.0
2025-03-11 00:33:51,895.13,0.0
2025-03-11 01:27:36,895.13,0.0
2025-03-11 02:15:57,895.13,0.0
2025-03-11 03:12:35,895.13,0.0
2025-03-11 04:08:31,895.13,0.0
2025-03-11 04:49:00,895.13,0.0
2025-03-11 05:32:45,895.13,0.0
2025-03-11 06:16:46,895.13,0.0
2025-03-11 07:00:58,895.13,0.0
2025-03-11 07:47:00,895.13,0.0
2025-03-11 08:36:24,895.13,0.0
2025-03-11 09:12:15,895.13,0.0
2025-03-11 09:45:05,895.13,0.0
2025-03-11 10:36:24,894.13,1.0
2025-03-11 11:18:44,894.13,0.0
2025-03-11 12:00:57,894.13,0.0
2025-03-11 12:34:21,894.13,0.0
2025-03-11 13:11:05,894.13,0.0
2025-03-11 13:42:15,894.13,0.0
2025-03-11 14:36:14,893.08,1.0499999999999545
2025-03-11 15:25:31,893.08,0.0
2025-03-11 16:20:24,891.98,1.1000000000000227
2025-03-11 17:08:03,891.98,0.0
2025-03-11 17:54:32,891.98,0.0
2025-03-11 18:53:21,891.98,0.0
2025-03-11 19:46:49,890.98,1.0
2025-03-11 20:18:59,890.98,0.0
2025-03-11 21:15:02,890.98,0.0
2025-03-11 22:06:23,889.93,1.0500000000000682
2025-03-11 23:03:27,889.93,0.0
2025-03-12 00:03:27,888.93,1.0
2025-03-12 00:43:08,888.93,0.0
2025-03-12 01:28:27,888.93,0.0
2025-03-12 02:22:35,888.93,0.0
2025-03-12 03:10:05,888.93,0.0
2025-03-12 03:49:58,888.93,0.0
2025-03-12 04:21:41,888.93,0.0
2025-03-12 05:10:05,888.93,0.0
2025-03-12 06:01:53,888.93,0.0
2025-03-12 06:40:27,888.93,0.0
2025-03-12 07:14:03,888.93,0.0
2025-03-12 07:45:15,888.93,0.0
2025-03-12 08:18:07,888.93,0.0
2025-03-12 09:03:13,888.93,0.0
2025-03-12 09:42:32,888.93,0.0
2025-03-12 10:22:28,888.93,0.0
2025-03-12 11:11:32,888.93,0.0
2025-03-12 11:48:37,888.93,0.0
2025-03-12 12:29:18,888.93,0.0
2025-03-12 13:12:13,887.93,1.0
2025-03-12 13:56:59,887.93,0.0
2025-03-12 14:51:05,887.93,0.0
2025-03-12 15:29:32,887.93,0.0
2025-03-12 16:23:27,886.93,1.0
2025-03-12 17:13:17,886.93,0.0
2025-03-12 18:06:22,886.93,0.0
2025-03-12 18:46:21,886.93,0.0
2025-03-12 19:21:39,886.93,0.0
2025-03-12 20:11:21,885.88,1.0499999999999545
2025-03-12 21:10:41,885.88,0.0
2025-03-12 21:51:00,884.88,1.0
2025-03-12 22:47:04,884.88,0.0
2025-03-12 23:46:48,884.88,0.0
2025-03-13 00:22:08,883.88,1.0
2025-03-13 01:06:57,883.88,0.0
2025-03-13 01:44:00,883.88,0.0
2025-03-13 02:15:17,883.88,0.0
2025-03-13 02:48:52,883.88,0.0
2025-03-13 03:33:42,883.88,0.0
2025-03-13 04:29:53,883.88,0.0
2025-03-13 05:08:24,883.88,0.0
2025-03-13 05:38:56,883.88,0.0
2025-03-13 06:17:08,883.88,0.0
2025-03-13 06:48:48,883.88,0.0
2025-03-13 07:26:01,883.88,0.0
2025-03-13 08:15:08,883.88,0.0
2025-03-13 08:45:31,883.88,0.0
2025-03-13 09:43:41,883.88,0.0
2025-03-13 10:37:20,883.88,0.0
2025-03-13 11:21:32,883.88,0.0
2025-03-13 11:58:25,883.88,0.0
2025-03-13 12:39:26,883.88,0.0
2025-03-13 13:09:34,883.88,0.0
2025-03-13 14:08:07,882.88,1.0
2025-03-13 14:59:34,882.88,0.0
2025-03-13 15:34:33,882.88,0.0
2025-03-13 16:18:11,882.88,0.0
2025-03-13 17:16:40,882.88,0.0
2025-03-13 17:55:09,881.88,1.0
2025-03-13 18:44:12,881.88,0.0
2025-03-13 19:40:27,881.88,0.0
2025-03-13 20:29:28,881.88,0.0
2025-03-13 21:23:23,880.88,1.0
2025-03-13 22:06:32,880.88,0.0
2025-03-13 22:52:11,880.88,0.0
2025-03-13 23:45:29,879.83,1.0499999999999545
2025-03-14 00:31:31,879.83,0.0
2025-03-14 01:13:35,879.83,0.0
2025-03-14 02:10:42,879.83,0.0
2025-03-14 02:57:16,879.83,0.0
2025-03-14 03:57:15,879.83,0.0
2025-03-14 04:37:27,879.83,0.0
2025-03-14 05:10:33,879.83,0.0
2025-03-14 06:04:36,879.83,0.0
2025-03-14 06:42:36,879.83,0.0
2025-03-14 07:16:55,879.83,0.0
2025-03-14 08:09:55,879.83,0.0
2025-03-14 09:00:23,879.83,0.0
2025-03-14 09:49:02,879.83,0.0
2025-03-14 10:25:06,879.83,0.0
2025-03-14 11:02:01,879.83,0.0
2025-03-14 11:46:16,879.83,0.0
2025-03-14 12:38:10,878.83,1.0
2025-03-14 13:23:48,878.83,0.0
2025-03-14 14:08:51,878.83,0.0
2025-03-14 14:49:50,877.78,1.0500000000000682
2025-03-14 15:25:37,877.78,0.0
2025-03-14 16:05:26,877.78,0.0
2025-03-14 16:43:21,877.78,0.0
2025-03-14 17:19:04,876.73,1.0499999999999545
2025-03-14 18:13:06,876.73,0.0
2025-03-14 19:05:04,876.73,0.0
2025-03-14 20:02:59,875.68,1.0500000000000682
2025-03-14 20:34:51,875.68,0.0
2025-03-14 21:11:45,875.68,0.0
2025-03-14 22:09:43,874.63,1.0499999999999545
2025-03-14 22:59:17,874.63,0.0
2025-03-14 23:56:25,873.63,1.0
2025-03-15 00:47:42,873.63,0.0
2025-03-15 01:46:52,873.63,0.0
2025-03-15 02:24:47,873.63,0.0
2025-03-15 03:20:16,873.63,0.0
2025-03-15 03:59:48,873.63,0.0
2025-03-15 04:35:15,873.63,0.0
2025-03-15 05:09:34,873.63,0.0
2025-03-15 06:01:24,873.63,0.0
2025-03-15 06:55:43,873.63,0.0
2025-03-15 07:51:42,873.63,0.0
2025-03-15 08:28:19,873.63,0.0
2025-03-15 09:27:37,873.63,0.0
2025-03-15 10:02:30,873.63,0.0
2025-03-15 10:42:12,873.63,0.0
2025-03-15 11:26:56,873.63,0.0
2025-03-15 12:05:17,873.63,0.0
2025-03-15 12:54:45,872.58,1.0499999999999545
2025-03-15 13:37:54,872.58,0.0
2025-03-15 14:17:34,872.58,0.0
2025-03-15 15:08:32,871.53,1.0500000000000682
2025-03-15 16:05:31,871.53,0.0
2025-03-15 16:49:26,871.53,0.0
2025-03-15 17:36:07,870.48,1.0499999999999545
2025-03-15 18:17:35,870.48,0.0
2025-03-15 19:08:14,870.48,0.0
2025-03-15 19:54:14,869.48,1.0
2025-03-15 20:26:53,869.48,0.0
2025-03-15 21:10:09,869.48,0.0
2025-03-15 21:46:11,869.48,0.0
2025-03-15 22:46:00,868.43,1.0500000000000682
2025-03-15 23:41:17,868.43,0.0
2025-03-16 00:32:44,867.43,1.0
2025-03-16 01:26:13,867.43,0.0
2025-03-16 02:15:23,867.43,0.0
2025-03-16 03:00:38,867.43,0.0
2025-03-16 03:51:00,867.43,0.0
2025-03-16 04:36:11,867.43,0.0
2025-03-16 05:06:54,867.43,0.0
2025-03-16 05:59:54,867.43,0.0
2025-03-16 06:52:18,867.43,0.0
2025-03-16 07:46:11,867.43,0.0
2025-03-16 08:43:04,867.43,0.0
2025-03-16 09:29:04,867.43,0.0
2025-03-16 10:20:06,867.43,0.0
2025-03-16 10:56:08,867.43,0.0
2025-03-16 11:40:57,867.43,0.0
2025-03-16 12:35:49,867.43,0.0
2025-03-16 13:16:29,867.43,0.0
2025-03-16 14:09:42,866.38,1.0499999999999545
2025-03-16 14:52:00,866.38,0.0
2025-03-16 15:39:21,866.38,0.0
2025-03-16 16:21:29,866.38,0.0
2025-03-16 17:02:15,866.38,0.0
2025-03-16 17:43:11,865.38,1.0
2025-03-16 18:42:17,865.38,0.0
2025-03-16 19:33:33,865.38,0.0
2025-03-16 20:21:11,864.38,1.0
2025-03-16 20:56:25,864.38,0.0
2025-03-16 21:38:09,864.38,0.0
2025-03-16 22:10:13,863.38,1.0
2025-03-16 22:40:34,863.38,0.0
2025-03-16 23:25:49,863.38,0.0
2025-03-17 00:16:30,863.38,0.0
2025-03-17 00:54:39,863.38,0.0
2025-03-17 01:26:51,863.38,0.0
2025-03-17 02:22:40,863.38,0.0
2025-03-17 02:55:33,863.38,0.0
2025-03-17 03:26:07,863.38,0.0
2025-03-17 04:25:54,863.38,0.0
2025-03-17 05:16:18,863.38,0.0
2025-03-17 06:06:09,862.38,1.0
2025-03-17 06:46:23,862.38,0.0
2025-03-17 07:17:28,862.38,0.0
2025-03-17 07:59:17,862.38,0.0
2025-03-17 08:46:27,862.38,0.0
2025-03-17 09:43:37,862.38,0.0
2025-03-17 10:30:49,862.38,0.0
2025-03-17 11:12:48,862.18,0.20000000000004547
2025-03-17 11:43:00,862.18,0.0
2025-03-17 12:38:12,862.18,0.0
2025-03-17 13:26:28,862.18,0.0
2025-03-17 13:57:01,862.18,0.0
2025-03-17 14:51:17,862.18,0.0
2025-03-17 15:42:42,862.18,0.0
2025-03-17 16:37:42,862.18,0.0
2025-03-17 17:34:48,862.18,0.0
2025-03-17 18:06:41,862.18,0.0
2025-03-17 18:58:02,861.18,1.0
2025-03-17 19:52:19,861.18,0.0
2025-03-17 20:27:47,861.18,0.0
2025-03-17 21:21:07,861.18,0.0
2025-03-17 22:03:18,860.08,1.099999999999909
2025-03-17 22:54:51,860.08,0.0
2025-03-17 23:50:08,860.08,0.0
2025-03-18 00:31:51,860.08,0.0
2025-03-18 01:17:02,860.08,0.0
2025-03-18 01:56:21,860.08,0.0
2025-03-18 02:29:48,860.08,0.0
2025-03-18 03:07:26,860.08,0.0
2025-03-18 04:00:29,860.08,0.0
2025-03-18 04:32:51,860.08,0.0
2025-03-18 05:30:08,860.08,0.0
2025-03-18 06:12:25,860.08,0.0
2025-03-18 06:43:53,860.08,0.0
2025-03-18 07:19:01,859.08,1.0
2025-03-18 07:54:25,859.08,0.0
2025-03-18 08:49:24,859.08,0.0
2025-03-18 09:19:59,859.08,0.0
2025-03-18 10:11:56,859.08,0.0
2025-03-18 10:43:46,859.08,0.0
2025-03-18 11:37:56,859.08,0.0
2025-03-18 12:28:02,859.08,0.0
2025-03-18 13:02:26,858.08,1.0
2025-03-18 13:47:05,858.08,0.0
2025-03-18 14:21:54,858.08,0.0
2025-03-18 14:56:27,858.08,0.0
2025-03-18 15:48:42,858.08,0.0
2025-03-18 16:42:23,857.08,1.0
2025-03-18 17:40:26,857.08,0.0
2025-03-18 18:27:30,857.08,0.0
2025-03-18 19:11:38,856.08,1.0
2025-03-18 19:56:04,856.08,0.0
2025-03-18 20:40:37,856.08,0.0
2025-03-18 21:20:24,856.08,0.0
2025-03-18 21:58:44,856.08,0.0
2025-03-18 22:42:51,855.03,1.0500000000000682
2025-03-18 23:13:46,855.03,0.0
2025-03-19 00:04:05,855.03,0.0
2025-03-19 01:04:01,854.03,1.0
2025-03-19 01:45:15,854.03,0.0
2025-03-19 02:37:56,854.03,0.0
2025-03-19 03:15:52,854.03,0.0
2025-03-19 03:58:43,854.03,0.0
2025-03-19 04:47:23,854.03,0.0
2025-03-19 05:33:51,854.03,0.0
2025-03-19 06:17:33,854.03,0.0
2025-03-19 07:16:23,854.03,0.0
2025-03-19 08:01:37,854.03,0.0
2025-03-19 08:34:45,854.03,0.0
2025-03-19 09:34:13,854.03,0.0
2025-03-19 10:22:52,854.03,0.0
2025-03-19 11:01:56,854.03,0.0
2025-03-19 11:36:27,854.03,0.0
2025-03-19 12:22:30,854.03,0.0
2025-03-19 13:14:26,854.03,0.0
2025-03-19 13:55:53,853.03,1.0
2025-03-19 14:39:39,853.03,0.0
2025-03-19 15:31:58,853.03,0.0
2025-03-19 16:07:59,853.03,0.0
2025-03-19 17:01:19,853.03,0.0
2025-03-19 17:31:31,853.03,0.0
2025-03-19 18:25:16,851.98,1.0499999999999545
2025-03-19 19:21:05,851.98,0.0
2025-03-19 19:57:10,851.98,0.0
2025-03-19 20:57:11,851.98,0.0
2025-03-19 21:30:41,851.98,0.0
2025-03-19 22:26:46,850.98,1.0
2025-03-19 23:11:17,850.98,0.0
2025-03-19 23:44:52,850.98,0.0
2025-03-20 00:43:58,849.98,1.0
2025-03-20 01:38:52,849.98,0.0
2025-03-20 02:13:21,849.98,0.0
2025-03-20 03:07:18,849.98,0.0
2025-03-20 03:53:56,849.98,0.0
2025-03-20 04:36:00,849.98,0.0
2025-03-20 05:34:56,849.98,0.0
2025-03-20 06:11:19,849.98,0.0
2025-03-20 06:57:47,849.98,0.0
2025-03-20 07:47:53,849.98,0.0
2025-03-20 08:31:40,849.98,0.0
2025-03-20 09:31:06,849.98,0.0
2025-03-20 10:13:46,849.98,0.0
2025-03-20 11:01:21,849.98,0.0
2025-03-20 11:42:35,849.98,0.0
2025-03-20 12:15:43,849.98,0.0
2025-03-20 12:46:00,849.98,0.0
2025-03-20 13:25:35,849.98,0.0
2025-03-20 13:56:49,849.98,0.0
2025-03-20 14:27:55,848.98,1.0
2025-03-20 14:59:36,848.98,0.0
2025-03-20 15:47:37,848.98,0.0
2025-03-20 16:17:46,848.98,0.0
2025-03-20 17:09:57,848.98,0.0
2025-03-20 18:07:46,847.98,1.0
2025-03-20 18:53:05,847.98,0.0
2025-03-20 19:33:57,847.98,0.0
2025-03-20 20:14:00,847.98,0.0
2025-03-20 21:12:58,846.98,1.0
2025-03-20 21:51:02,846.98,0.0
2025-03-20 22:49:36,846.98,0.0
2025-03-20 23:42:11,845.88,1.1000000000000227
2025-03-21 00:24:02,845.88,0.0
2025-03-21 01:00:03,845.88,0.0
2025-03-21 01:43:36,845.88,0.0
2025-03-21 02:39:10,845.88,0.0
2025-03-21 03:36:49,845.88,0.0
2025-03-21 04:20:55,845.88,0.0
2025-03-21 05:01:45,845.88,0.0
2025-03-21 05:34:23,845.88,0.0
2025-03-21 06:22:07,845.88,0.0
2025-03-21 06:57:32,845.88,0.0
2025-03-21 07:28:49,845.88,0.0
2025-03-21 08:18:45,845.88,0.0
2025-03-21 09:16:32,845.88,0.0
2025-03-21 10:03:49,845.88,0.0
2025-03-21 10:42:29,845.88,0.0
2025-03-21 11:18:50,844.88,1.0
2025-03-21 12:13:14,844.88,0.0
2025-03-21 13:10:23,844.88,0.0
2025-03-21 14:05:11,844.88,0.0
2025-03-21 14:56:47,843.88,1.0
2025-03-21 15:45:15,843.88,0.0
2025-03-21 16:40:09,843.48,0.39999999999997726
2025-03-21 17:28:58,843.48,0.0
2025-03-21 18:17:39,843.48,0.0
2025-03-21 19:14:02,843.48,0.0
2025-03-21 20:07:17,842.38,1.1000000000000227
2025-03-21 20:57:17,842.38,0.0
2025-03-21 21:36:14,842.38,0.0
2025-03-21 22:23:35,841.23,1.1499999999999773
2025-03-21 23:09:07,841.23,0.0
2025-03-21 23:48:55,840.18,1.0500000000000682
2025-03-22 00:47:21,840.18,0.0
2025-03-22 01:45:37,840.18,0.0
2025-03-22 02:17:05,840.18,0.0
2025-03-22 02:53:13,840.18,0.0
2025-03-22 03:47:21,840.18,0.0
2025-03-22 04:37:03,840.18,0.0
2025-03-22 05:31:33,840.18,0.0
2025-03-22 06:23:43,840.18,0.0
2025-03-22 07:19:39,840.18,0.0
2025-03-22 08:03:28,840.18,0.0
2025-03-22 08:40:41,839.18,1.0
2025-03-22 09:15:01,839.18,0.0
2025-03-22 10:06:27,839.18,0.0
2025-03-22 10:40:36,839.18,0.0
2025-03-22 11:37:14,839.18,0.0
2025-03-22 12:22:10,839.18,0.0
2025-03-22 13:19:51,838.13,1.0499999999999545
2025-03-22 14:01:36,838.13,0.0
2025-03-22 14:57:35,838.13,0.0
2025-03-22 15:29:41,838.13,0.0
2025-03-22 16:09:05,837.13,1.0
2025-03-22 16:42:37,837.13,0.0
2025-03-22 17:35:12,837.13,0.0
2025-03-22 18:34:27,837.13,0.0
2025-03-22 19:07:48,836.13,1.0
2025-03-22 20:00:33,836.13,0.0
2025-03-22 20:33:18,836.13,0.0
2025-03-22 21:06:23,836.13,0.0
2025-03-22 21:47:40,835.08,1.0499999999999545
2025-03-22 22:37:17,835.08,0.0
2025-03-22 23:36:34,834.03,1.0500000000000682
2025-03-23 00:20:30,834.03,0.0
2025-03-23 01:05:36,834.03,0.0
2025-03-23 01:52:51,834.03,0.0
2025-03-23 02:39:08,834.03,0.0
2025-03-23 03:15:40,834.03,0.0
2025-03-23 03:49:26,834.03,0.0
2025-03-23 04:33:04,834.03,0.0
2025-03-23 05:13:23,834.03,0.0
2025-03-23 05:44:33,834.03,0.0
2025-03-23 06:33:32,834.03,0.0
2025-03-23 07:22:52,834.03,0.0
2025-03-23 08:13:30,834.03,0.0
2025-03-23 09:03:44,834.03,0.0
2025-03-23 09:52:37,833.03,1.0
2025-03-23 10:27:47,833.03,0.0
2025-03-23 11:17:31,833.03,0.0
2025-03-23 12:09:53,833.03,0.0
2025-03-23 12:55:29,833.03,0.0
2025-03-23 13:31:06,833.03,0.0
2025-03-23 14:26:56,833.03,0.0
2025-03-23 15:03:11,833.03,0.0
2025-03-23 15:59:48,832.03,1.0
2025-03-23 16:53:39,832.03,0.0
2025-03-23 17:39:18,832.03,0.0
2025-03-23 18:25:26,831.03,1.0
2025-03-23 19:14:33,831.03,0.0
2025-03-23 20:04:26,831.03,0.0
2025-03-23 20:51:37,831.03,0.0
2025-03-23 21:46:58,830.03,1.0
2025-03-23 22:45:24,830.03,0.0
2025-03-23 23:44:50,829.03,1.0
2025-03-24 00:20:38,829.03,0.0
2025-03-24 01:02:40,829.03,0.0
2025-03-24 01:45:30,829.03,0.0
2025-03-24 02:21:12,829.03,0.0
2025-03-24 03:01:27,829.03,0.0
2025-03-24 03:58:13,829.03,0.0
2025-03-24 04:42:44,829.03,0.0
2025-03-24 05:19:16,829.03,0.0
2025-03-24 05:53:50,829.03,0.0
2025-03-24 06:44:44,829.03,0.0
2025-03-24 07:36:27,829.03,0.0
2025-03-24 08:29:42,829.03,0.0
2025-03-24 09:24:22,829.03,0.0
2025-03-24 09:57:08,829.03,0.0
2025-03-24 10:48:59,829.03,0.0
2025-03-24 11:41:12,829.03,0.0
2025-03-24 12:36:47,828.03,1.0
2025-03-24 13:33:43,828.03,0.0
2025-03-24 14:18:09,828.03,0.0
2025-03-24 15:00:30,828.03,0.0
2025-03-24 15:55:01,828.03,0.0
2025-03-24 16:30:35,828.03,0.0
2025-03-24 17:04:08,828.03,0.0
2025-03-24 17:59:32,827.03,1.0
2025-03-24 18:40:39,827.03,0.0
2025-03-24 19:14:02,827.03,0.0
2025-03-24 19:55:22,827.03,0.0
2025-03-24 20:48:42,827.03,0.0
2025-03-24 21:43:21,826.03,1.0
2025-03-24 22:36:21,826.03,0.0
2025-03-24 23:19:26,824.98,1.0499999999999545
2025-03-25 00:01:49,824.98,0.0
2025-03-25 00:44:03,824.98,0.0
2025-03-25 01:27:23,824.98,0.0
2025-03-25 02:24:06,824.98,0.0
2025-03-25 02:54:44,824.98,0.0
2025-03-25 03:25:26,824.98,0.0
2025-03-25 04:15:40,824.98,0.0
2025-03-25 04:49:42,824.98,0.0
2025-03-25 05:42:32,824.98,0.0
2025-03-25 06:38:27,824.98,0.0
2025-03-25 07:13:59,824.98,0.0
2025-03-25 08:03:02,824.98,0.0
2025-03-25 08:48:57,824.98,0.0
2025-03-25 09:30:26,824.98,0.0
2025-03-25 10:22:09,824.98,0.0
2025-03-25 11:05:33,823.98,1.0
2025-03-25 11:44:59,823.98,0.0
2025-03-25 12:21:39,823.98,0.0
2025-03-25 12:53:37,823.18,0.8000000000000682
2025-03-25 13:24:27,823.18,0.0
2025-03-25 14:12:10,823.18,0.0
2025-03-25 14:49:16,823.18,0.0
2025-03-25 15:22:56,823.18,0.0
2025-03-25 16:13:18,822.98,0.1999999999999318
2025-03-25 17:13:02,822.98,0.0
2025-03-25 18:13:01,822.98,0.0
2025-03-25 19:07:07,822.98,0.0
2025-03-25 19:51:36,822.98,0.0
2025-03-25 20:50:06,821.93,1.0500000000000682
2025-03-25 21:36:34,821.93,0.0
2025-03-25 22:08:32,821.93,0.0
2025-03-25 23:02:20,820.93,1.0
2025-03-25 23:35:49,820.93,0.0
2025-03-26 00:06:44,820.93,0.0
2025-03-26 01:05:14,820.93,0.0
2025-03-26 01:53:59,820.93,0.0
2025-03-26 02:40:51,820.93,0.0
2025-03-26 03:32:49,820.93,0.0
2025-03-26 04:24:33,820.93,0.0
2025-03-26 05:19:14,820.93,0.0
2025-03-26 06:04:59,820.93,0.0
2025-03-26 06:51:29,820.93,0.0
2025-03-26 07:46:10,820.93,0.0
2025-03-26 08:38:35,820.93,0.0
2025-03-26 09:19:46,820.93,0.0
2025-03-26 10:13:20,820.93,0.0
2025-03-26 11:03:27,819.93,1.0
2025-03-26 11:45:22,819.93,0.0
2025-03-26 12:41:52,819.93,0.0
2025-03-26 13:15:02,819.93,0.0
2025-03-26 13:46:18,819.93,0.0
2025-03-26 14:29:21,818.88,1.0499999999999545
2025-03-26 15:03:04,818.88,0.0
2025-03-26 15:38:32,818.88,0.0
2025-03-26 16:38:17,818.13,0.75
2025-03-26 17:37:29,818.13,0.0
2025-03-26 18:31:33,818.13,0.0
2025-03-26 19:14:47,817.13,1.0
2025-03-26 20:08:21,817.13,0.0
2025-03-26 20:49:46,817.13,0.0
2025-03-26 21:39:05,817.13,0.0
2025-03-26 22:38:45,816.08,1.0499999999999545
2025-03-26 23:20:35,816.08,0.0
2025-03-27 00:16:26,815.08,1.0
2025-03-27 01:02:40,815.08,0.0
2025-03-27 01:36:56,815.08,0.0
2025-03-27 02:32:49,815.08,0.0
2025-03-27 03:23:37,815.08,0.0
2025-03-27 03:55:31,815.08,0.0
2025-03-27 04:37:45,815.08,0.0
2025-03-27 05:19:31,815.08,0.0
2025-03-27 06:12:11,815.08,0.0
2025-03-27 07:04:11,815.08,0.0
2025-03-27 07:50:44,815.08,0.0
2025-03-27 08:24:26,815.08,0.0
2025-03-27 09:15:22,815.08,0.0
2025-03-27 10:02:31,815.08,0.0
2025-03-27 10:55:35,815.08,0.0
2025-03-27 11:30:25,815.08,0.0
2025-03-27 12:22:29,815.08,0.0
2025-03-27 13:20:25,815.08,0.0
2025-03-27 14:06:35,814.08,1.0
2025-03-27 14:55:30,814.08,0.0
2025-03-27 15:29:39,813.73,0.35000000000002274
2025-03-27 16:19:33,813.73,0.0
2025-03-27 17:08:32,813.73,0.0
2025-03-27 17:45:08,813.73,0.0
2025-03-27 18:39:25,812.73,1.0
2025-03-27 19:22:55,812.73,0.0
2025-03-27 19:56:18,812.73,0.0
2025-03-27 20:45:22,812.73,0.0
2025-03-27 21:17:52,812.73,0.0
2025-03-27 22:10:48,811.68,1.0500000000000682
2025-03-27 22:52:53,811.68,0.0
2025-03-27 23:44:52,811.68,0.0
2025-03-28 00:18:11,810.68,1.0
2025-03-28 01:08:47,810.68,0.0
2025-03-28 01:45:49,810.68,0.0
2025-03-28 02:31:24,810.68,0.0
2025-03-28 03:13:01,810.68,0.0
2025-03-28 03:55:26,810.68,0.0
2025-03-28 04:49:31,810.68,0.0
2025-03-28 05:41:21,810.68,0.0
2025-03-28 06:30:14,810.68,0.0
2025-03-28 07:30:00,810.68,0.0
2025-03-28 08:16:05,810.68,0.0
2025-03-28 08:50:09,810.68,0.0
2025-03-28 09:27:41,810.68,0.0
2025-03-28 10:15:25,810.68,0.0
2025-03-28 11:13:54,810.68,0.0
2025-03-28 11:48:06,810.68,0.0
2025-03-28 12:20:32,810.68,0.0
2025-03-28 13:11:03,810.68,0.0
2025-03-28 13:44:03,810.68,0.0
2025-03-28 14:20:01,810.68,0.0
2025-03-28 14:55:48,810.68,0.0
2025-03-28 15:31:14,810.68,0.0
2025-03-28 16:16:36,810.68,0.0
2025-03-28 17:07:35,809.68,1.0
2025-03-28 17:57:30,809.68,0.0
2025-03-28 18:32:15,809.68,0.0
2025-03-28 19:02:33,809.68,0.0
2025-03-28 19:49:59,809.68,0.0
2025-03-28 20:38:59,808.68,1.0
2025-03-28 21:12:31,808.68,0.0
2025-03-28 21:51:58,808.68,0.0
2025-03-28 22:37:11,807.68,1.0
2025-03-28 23:29:00,807.68,0.0
2025-03-29 00:00:05,807.68,0.0
2025-03-29 00:38:36,807.68,0.0
2025-03-29 01:20:58,807.68,0.0
2025-03-29 02:05:51,807.68,0.0
2025-03-29 02:53:23,807.68,0.0
2025-03-29 03:44:52,807.68,0.0
2025-03-29 04:41:51,807.68,0.0
2025-03-29 05:25:06,807.68,0.0
2025-03-29 06:19:52,807.68,0.0
2025-03-29 07:15:56,807.68,0.0
2025-03-29 08:11:03,806.68,1.0
2025-03-29 08:48:03,806.68,0.0
2025-03-29 09:34:46,806.68,0.0
2025-03-29 10:22:19,806.68,0.0
2025-03-29 11:22:02,806.68,0.0
2025-03-29 12:08:01,806.68,0.0
2025-03-29 12:47:40,806.68,0.0
2025-03-29 13:33:18,806.68,0.0
2025-03-29 14:13:05,806.68,0.0
2025-03-29 15:12:12,806.68,0.0
2025-03-29 15:49:30,805.68,1.0
2025-03-29 16:46:12,805.68,0.0
2025-03-29 17:42:44,805.68,0.0
2025-03-29 18:33:49,805.68,0.0
2025-03-29 19:19:18,804.68,1.0
2025-03-29 20:13:45,804.68,0.0
2025-03-29 20:51:49,804.68,0.0
2025-03-29 21:49:59,803.63,1.0499999999999545
2025-03-29 22:42:57,803.63,0.0
2025-03-29 23:36:08,802.58,1.0499999999999545
2025-03-30 00:31:41,802.58,0.0
2025-03-30 01:22:46,802.58,0.0
2025-03-30 02:01:54,802.58,0.0
2025-03-30 02:37:52,802.58,0.0
2025-03-30 03:26:37,802.58,0.0
2025-03-30 04:11:35,802.58,0.0
2025-03-30 04:44:30,802.58,0.0
2025-03-30 05:18:58,802.58,0.0
2025-03-30 06:02:29,802.58,0.0
2025-03-30 06:52:17,802.58,0.0
2025-03-30 07:37:10,802.58,0.0
2025-03-30 08:34:45,802.58,0.0
2025-03-30 09:25:23,801.58,1.0
2025-03-30 10:24:18,801.58,0.0
2025-03-30 11:02:35,801.58,0.0
2025-03-30 11:53:45,801.58,0.0
2025-03-30 12:52:35,801.58,0.0
2025-03-30 13:29:08,801.58,0.0
2025-03-30 14:23:05,800.58,1.0
2025-03-30 15:18:25,800.58,0.0
2025-03-30 16:01:59,800.58,0.0
2025-03-30 16:42:52,799.58,1.0
2025-03-30 17:26:57,799.58,0.0
2025-03-30 18:03:06,799.58,0.0
2025-03-30 18:34:50,798.53,1.0500000000000682
2025-03-30 19:24:20,798.53,0.0
2025-03-30 20:20:22,798.53,0.0
2025-03-30 20:51:45,797.53,1.0
2025-03-30 21:34:04,797.53,0.0
2025-03-30 22:27:41,797.53,0.0
2025-03-30 23:13:01,796.48,1.0499999999999545
2025-03-30 23:45:13,796.48,0.0
2025-03-31 00:19:36,796.48,0.0
2025-03-31 01:02:56,796.48,0.0
2025-03-31 01:41:55,796.48,0.0
2025-03-31 02:39:01,796.48,0.0
2025-03-31 03:31:58,796.48,0.0
2025-03-31 04:23:08,796.48,0.0
2025-03-31 05:21:04,796.48,0.0
2025-03-31 06:05:46,796.48,0.0
2025-03-31 06:57:29,796.48,0.0
2025-03-31 07:28:21,796.48,0.0
2025-03-31 08:07:59,796.48,0.0
2025-03-31 08:55:51,796.48,0.0
2025-03-31 09:37:58,796.48,0.0
2025-03-31 10:35:54,796.48,0.0
2025-03-31 11:07:50,796.48,0.0
2025-03-31 12:07:42,795.48,1.0
2025-03-31 12:44:40,795.48,0.0
2025-03-31 13:31:09,795.48,0.0
2025-03-31 14:14:08,795.48,0.0
2025-03-31 14:55:55,794.48,1.0
2025-03-31 15:50:12,794.48,0.0
2025-03-31 16:21:43,794.48,0.0
2025-03-31 16:54:19,794.48,0.0
2025-03-31 17:41:41,794.48,0.0
2025-03-31 18:29:02,793.48,1.0
2025-03-31 19:00:28,793.48,0.0
2025-03-31 19:50:24,793.48,0.0
2025-03-31 20:40:53,793.48,0.0
2025-03-31 21:23:14,793.48,0.0
2025-03-31 21:57:09,792.43,1.0500000000000682
2025-03-31 22:43:42,792.43,0.0
2025-03-31 23:30:46,792.43,0.0
2025-04-01 00:29:44,791.43,1.0
2025-04-01 01:06:47,791.43,0.0
2025-04-01 01:52:04,791.43,0.0
2025-04-01 02:37:34,791.43,0.0
2025-04-01 03:36:30,791.43,0.0
2025-04-01 04:34:54,791.43,0.0
2025-04-01 05:15:52,791.43,0.0
2025-04-01 06:09:11,791.43,0.0
2025-04-01 06:50:08,791.43,0.0
2025-04-01 07:47:17,791.43,0.0
2025-04-01 08:29:15,791.43,0.0
2025-04-01 09:08:44,791.43,0.0
2025-04-01 09:58:10,791.43,0.0
2025-04-01 10:46:47,791.43,0.0
2025-04-01 11:30:13,791.43,0.0
2025-04-01 12:05:02,791.43,0.0
2025-04-01 12:44:51,821.43,0
2025-04-01 13:40:03,821.43,0.0
2025-04-01 14:30:53,821.43,0.0
2025-04-01 15:24:01,821.43,0.0
2025-04-01 16:07:05,821.43,0.0
2025-04-01 16:47:15,821.43,0.0
2025-04-01 17:28:18,821.43,0.0
2025-04-01 18:13:20,821.43,0.0
2025-04-01 18:44:38,821.43,0.0
2025-04-01 19:35:47,819.73,1.6999999999999318
2025-04-01 20:16:26,819.73,0.0
2025-04-01 21:06:32,819.73,0.0
2025-04-01 21:38:09,819.73,0.0
2025-04-01 22:27:42,818.68,1.0500000000000682
2025-04-01 23:05:02,818.68,0.0
2025-04-01 23:42:47,818.68,0.0
2025-04-02 00:22:22,817.68,1.0
2025-04-02 00:59:27,817.68,0.0
2025-04-02 01:55:04,817.68,0.0
2025-04-02 02:38:04,817.68,0.0
2025-04-02 03:19:09,817.68,0.0
2025-04-02 04:11:06,817.68,0.0
2025-04-02 05:01:45,817.68,0.0
2025-04-02 05:37:24,817.68,0.0
2025-04-02 06:31:48,817.68,0.0
2025-04-02 07:24:01,817.68,0.0
2025-04-02 08:07:46,817.68,0.0
2025-04-02 08:43:26,817.68,0.0
2025-04-02 09:33:03,817.68,0.0
2025-04-02 10:06:57,817.68,0.0
2025-04-02 10:53:56,817.68,0.0
2025-04-02 11:35:05,817.68,0.0
2025-04-02 12:28:05,816.68,1.0
2025-04-02 13:23:52,816.68,0.0
2025-04-02 14:00:38,815.68,1.0
2025-04-02 14:30:49,815.68,0.0
2025-04-02 15:25:06,815.68,0.0
2025-04-02 16:17:30,814.68,1.0
2025-04-02 16:54:15,814.68,0.0
2025-04-02 17:27:21,814.68,0.0
2025-04-02 18:04:47,814.68,0.0
2025-04-02 18:43:29,813.68,1.0
2025-04-02 19:40:58,813.68,0.0
2025-04-02 20:22:44,813.68,0.0
2025-04-02 21:16:02,813.68,0.0
2025-04-02 22:11:46,812.68,1.0
2025-04-02 23:05:53,812.68,0.0
2025-04-02 23:46:19,811.68,1.0
2025-04-03 00:34:19,811.68,0.0
2025-04-03 01:24:37,811.68,0.0
2025-04-03 02:14:21,811.68,0.0
2025-04-03 02:54:48,811.68,0.0
2025-04-03 03:25:00,811.68,0.0
2025-04-03 04:18:21,811.68,0.0
2025-04-03 05:02:27,811.68,0.0
2025-04-03 05:58:36,811.68,0.0
2025-04-03 06:56:04,811.68,0.0
2025-04-03 07:49:34,811.68,0.0
2025-04-03 08:21:57,811.68,0.0
2025-04-03 09:07:43,811.68,0.0
2025-04-03 11:07:12,811.68,0.0
2025-04-03 12:06:57,811.68,0.0
2025-04-03 13:04:16,811.68,0.0
2025-04-03 13:36:35,810.68,1.0
2025-04-03 14:11:42,810.68,0.0
2025-04-03 15:03:01,810.68,0.0
2025-04-03 15:36:02,810.68,0.0
2025-04-03 16:06:29,810.68,0.0
2025-04-03 16:37:41,810.68,0.0
2025-04-03 17:16:39,809.68,1.0
2025-04-03 18:02:47,809.68,0.0
2025-04-03 18:58:17,809.68,0.0
2025-04-03 19:45:47,809.68,0.0
2025-04-03 20:41:32,809.68,0.0
2025-04-03 21:21:36,808.68,1.0
2025-04-03 22:18:14,808.68,0.0
2025-04-03 23:12:20,808.68,0.0
2025-04-03 23:54:27,807.63,1.0499999999999545
2025-04-04 00:30:48,807.63,0.0
2025-04-04 01:14:09,807.63,0.0
2025-04-04 01:49:31,807.63,0.0
2025-04-04 02:31:22,807.63,0.0
2025-04-04 03:18:17,807.63,0.0
2025-04-04 03:49:15,807.63,0.0
2025-04-04 04:30:13,807.63,0.0
2025-04-04 05:17:56,807.63,0.0
2025-04-04 06:01:48,807.63,0.0
2025-04-04 06:57:14,807.63,0.0
2025-04-04 07:39:12,807.63,0.0
2025-04-04 08:39:01,807.63,0.0
2025-04-04 09:28:16,807.63,0.0
2025-04-04 10:25:51,807.63,0.0
2025-04-04 11:05:57,807.63,0.0
2025-04-04 12:02:48,807.63,0.0
2025-04-04 12:33:21,806.63,1.0
2025-04-04 13:22:54,806.63,0.0
2025-04-04 14:14:32,806.63,0.0
2025-04-04 14:50:55,806.63,0.0
2025-04-04 15:33:15,805.63,1.0
2025-04-04 16:17:21,805.63,0.0
2025-04-04 16:47:29,805.63,0.0
2025-04-04 17:37:55,805.63,0.0
2025-04-04 18:23:45,804.63,1.0
2025-04-04 18:55:31,804.63,0.0
2025-04-04 19:31:26,804.63,0.0
2025-04-04 20:01:47,804.63,0.0
2025-04-04 20:51:09,803.63,1.0
2025-04-04 21:27:00,803.63,0.0
2025-04-04 22:02:22,802.63,1.0
2025-04-04 22:58:18,802.63,0.0
2025-04-04 23:47:19,802.63,0.0
2025-04-05 00:45:52,801.63,1.0
2025-04-05 01:44:06,801.63,0.0
2025-04-05 02:23:18,801.63,0.0
2025-04-05 03:02:46,801.63,0.0
2025-04-05 03:45:36,801.63,0.0
2025-04-05 04:40:36,801.63,0.0
2025-04-05 05:36:38,801.63,0.0
2025-04-05 06:25:08,801.63,0.0
2025-04-05 07:02:35,801.63,0.0
2025-04-05 07:42:31,801.63,0.0
2025-04-05 08:40:33,801.63,0.0
2025-04-05 09:13:20,801.63,0.0
2025-04-05 09:57:09,801.63,0.0
2025-04-05 10:49:21,801.63,0.0
2025-04-05 11:26:47,801.63,0.0
2025-04-05 12:13:17,801.63,0.0
2025-04-05 12:55:14,801.63,0.0
2025-04-05 13:44:44,800.58,1.0499999999999545
2025-04-05 14:34:38,800.58,0.0
2025-04-05 15:12:51,800.58,0.0
2025-04-05 16:05:50,799.58,1.0
2025-04-05 16:38:45,799.58,0.0
2025-04-05 17:10:42,799.58,0.0
2025-04-05 18:02:54,799.58,0.0
2025-04-05 18:37:17,799.58,0.0
2025-04-05 19:11:12,799.58,0.0
2025-04-05 20:00:52,798.58,1.0
2025-04-05 20:32:09,798.58,0.0
2025-04-05 21:18:41,798.58,0.0
2025-04-05 22:10:58,797.58,1.0
2025-04-05 23:02:23,797.58,0.0
2025-04-05 23:37:27,797.58,0.0
2025-04-06 00:18:02,796.58,1.0
2025-04-06 01:04:30,796.58,0.0
2025-04-06 01:55:26,796.58,0.0
2025-04-06 02:34:55,796.58,0.0
2025-04-06 03:14:04,796.58,0.0
2025-04-06 03:47:11,796.58,0.0
2025-04-06 04:32:19,796.58,0.0
2025-04-06 05:02:29,796.58,0.0
2025-04-06 05:46:35,796.58,0.0
2025-04-06 06:26:22,796.58,0.0
2025-04-06 07:20:00,796.58,0.0
2025-04-06 07:57:50,796.58,0.0
2025-04-06 08:47:41,796.58,0.0
2025-04-06 09:34:20,796.58,0.0
2025-04-06 10:04:56,796.58,0.0
2025-04-06 11:04:01,796.58,0.0
2025-04-06 11:59:00,796.58,0.0
2025-04-06 12:53:59,796.58,0.0
2025-04-06 13:30:02,796.58,0.0
2025-04-06 14:18:45,796.58,0.0
2025-04-06 15:06:41,796.58,0.0
2025-04-06 15:41:02,796.58,0.0
2025-04-06 16:25:29,796.58,0.0
2025-04-06 17:15:40,796.58,0.0
2025-04-06 18:03:45,796.58,0.0
2025-04-06 19:00:42,795.58,1.0
2025-04-06 19:53:41,795.58,0.0
2025-04-06 20:50:34,795.58,0.0
2025-04-06 21:49:40,794.53,1.0500000000000682
2025-04-06 22:29:54,794.53,0.0
2025-04-06 23:02:39,793.48,1.0499999999999545
2025-04-07 00:02:00,793.48,0.0
2025-04-07 00:40:00,793.48,0.0
2025-04-07 01:23:04,793.48,0.0
2025-04-07 02:12:11,793.48,0.0
2025-04-07 03:06:34,793.48,0.0
2025-04-07 03:38:27,793.48,0.0
2025-04-07 04:28:53,793.48,0.0
2025-04-07 05:10:26,793.48,0.0
2025-04-07 06:01:00,793.48,0.0
2025-04-07 06:39:06,793.48,0.0
2025-04-07 07:35:03,793.48,0.0
2025-04-07 08:07:59,793.48,0.0
2025-04-07 08:56:26,793.48,0.0
2025-04-07 09:40:52,793.48,0.0
2025-04-07 10:20:43,792.48,1.0
2025-04-07 11:19:30,792.48,0.0
2025-04-07 11:51:24,792.48,0.0
2025-04-07 12:43:26,792.48,0.0
2025-04-07 13:18:58,792.48,0.0
2025-04-07 14:12:50,792.48,0.0
2025-04-07 14:52:40,792.48,0.0
2025-04-07 15:46:44,792.48,0.0
2025-04-07 16:41:06,792.48,0.0
2025-04-07 17:25:29,792.48,0.0
2025-04-07 17:59:41,792.48,0.0
2025-04-07 18:34:54,792.48,0.0
2025-04-07 19:07:33,791.48,1.0
2025-04-07 19:50:47,791.48,0.0
2025-04-07 20:24:50,791.48,0.0
2025-04-07 21:01:00,791.48,0.0
2025-04-07 21:38:29,791.48,0.0
2025-04-07 22:30:30,790.38,1.1000000000000227
2025-04-07 23:27:26,790.38,0.0
2025-04-08 00:23:20,789.33,1.0499999999999545
2025-04-08 01:08:08,789.33,0.0
2025-04-08 01:47:18,789.33,0.0
2025-04-08 02:17:56,789.33,0.0
2025-04-08 03:02:29,789.33,0.0
2025-04-08 03:38:40,789.33,0.0
2025-04-08 04:36:03,789.33,0.0
2025-04-08 05:17:19,789.33,0.0
2025-04-08 05:55:14,789.33,0.0
2025-04-08 06:49:52,789.33,0.0
2025-04-08 07:20:26,789.33,0.0
2025-04-08 07:50:37,789.33,0.0
2025-04-08 08:30:13,789.33,0.0
2025-04-08 09:24:28,789.33,0.0
2025-04-08 09:54:41,789.33,0.0
2025-04-08 10:39:50,789.33,0.0
2025-04-08 11:33:26,789.33,0.0
2025-04-08 12:11:03,789.33,0.0
2025-04-08 12:49:39,789.33,0.0
2025-04-08 13:48:11,789.33,0.0
2025-04-08 14:42:42,789.33,0.0
2025-04-08 15:32:29,788.33,1.0
2025-04-08 16:29:18,788.33,0.0
2025-04-08 17:01:48,788.33,0.0
2025-04-08 17:53:49,787.28,1.0500000000000682
2025-04-08 18:52:40,787.28,0.0
2025-04-08 19:50:47,787.28,0.0
2025-04-08 20:28:24,786.28,1.0
2025-04-08 21:06:54,786.28,0.0
2025-04-08 21:46:59,786.28,0.0
2025-04-08 22:17:23,785.28,1.0
2025-04-08 23:01:41,785.28,0.0
2025-04-08 23:40:00,785.28,0.0
2025-04-09 00:36:41,785.28,0.0
2025-04-09 01:26:25,785.28,0.0
2025-04-09 02:06:35,785.28,0.0
2025-04-09 03:02:49,785.28,0.0
2025-04-09 03:44:59,785.28,0.0
2025-04-09 04:32:59,785.28,0.0
2025-04-09 05:05:31,785.28,0.0
2025-04-09 06:04:42,785.28,0.0
2025-04-09 06:39:44,785.28,0.0
2025-04-09 07:35:46,784.28,1.0
2025-04-09 08:09:39,784.28,0.0
2025-04-09 08:48:43,784.28,0.0
2025-04-09 09:39:40,784.28,0.0
2025-04-09 10:15:38,784.28,0.0
2025-04-09 11:15:26,784.28,0.0
2025-04-09 11:59:17,784.28,0.0
2025-04-09 12:34:07,784.28,0.0
2025-04-09 13:08:18,784.28,0.0
2025-04-09 13:38:32,783.28,1.0
2025-04-09 14:11:21,783.28,0.0
2025-04-09 15:08:29,783.28,0.0
2025-04-09 15:51:02,782.28,1.0
2025-04-09 16:49:51,781.28,1.0
2025-04-09 17:22:10,781.28,0.0
2025-04-09 17:59:45,780.13,1.1499999999999773
2025-04-09 18:34:05,780.13,0.0
2025-04-09 19:05:55,779.13,1.0
2025-04-09 19:38:51,779.13,0.0
2025-04-09 20:11:50,779.13,0.0
2025-04-09 20:52:09,778.13,1.0
2025-04-09 21:39:32,778.13,0.0
2025-04-09 22:33:54,777.08,1.0499999999999545
2025-04-09 23:23:18,777.08,0.0
2025-04-10 00:21:13,777.08,0.0
2025-04-10 00:52:05,777.08,0.0
2025-04-10 01:29:14,777.08,0.0
2025-04-10 02:19:29,777.08,0.0
2025-04-10 02:53:33,777.08,0.0
2025-04-10 03:24:25,776.08,1.0
2025-04-10 04:03:50,776.08,0.0
2025-04-10 04:39:43,776.08,0.0
2025-04-10 05:38:43,776.08,0.0
2025-04-10 06:15:59,776.08,0.0
2025-04-10 07:11:28,776.08,0.0
2025-04-10 07:42:35,776.08,0.0
2025-04-10 08:37:03,776.08,0.0
2025-04-10 09:27:36,776.08,0.0
2025-04-10 10:07:13,776.08,0.0
2025-04-10 11:05:20,776.08,0.0
2025-04-10 11:46:17,776.08,0.0
2025-04-10 12:17:31,776.08,0.0
2025-04-10 13:15:57,775.08,1.0
2025-04-10 14:02:25,774.03,1.0500000000000682
2025-04-10 14:35:35,774.03,0.0
2025-04-10 15:23:28,774.03,0.0
2025-04-10 16:17:33,772.03,2.0
2025-04-10 16:57:07,772.03,0.0
2025-04-10 17:35:26,770.98,1.0499999999999545
2025-04-10 18:22:27,770.98,0.0
2025-04-10 19:22:25,770.98,0.0
2025-04-10 20:06:27,770.98,0.0
2025-04-10 20:44:28,770.98,0.0
2025-04-10 21:27:17,769.98,1.0
2025-04-10 22:04:17,769.98,0.0
2025-04-10 23:01:57,769.98,0.0
2025-04-10 23:34:20,768.98,1.0
2025-04-11 00:27:30,768.98,0.0
2025-04-11 01:23:49,768.98,0.0
2025-04-11 02:17:13,768.98,0.0
2025-04-11 03:14:20,768.98,0.0
2025-04-11 03:45:22,768.98,0.0
2025-04-11 04:41:46,767.98,1.0
2025-04-11 05:40:01,767.98,0.0
2025-04-11 06:18:59,766.93,1.0500000000000682
2025-04-11 07:08:42,766.93,0.0
2025-04-11 07:59:06,766.93,0.0
2025-04-11 08:39:13,766.93,0.0
2025-04-11 09:36:52,766.93,0.0
2025-04-11 10:16:43,766.93,0.0
2025-04-11 10:48:30,766.93,0.0
2025-04-11 11:33:47,766.93,0.0
2025-04-11 12:21:39,765.93,1.0
2025-04-11 13:10:17,765.93,0.0
2025-04-11 14:08:36,765.93,0.0
2025-04-11 15:07:11,765.93,0.0
2025-04-11 15:49:25,765.93,0.0
2025-04-11 16:43:15,764.93,1.0
2025-04-11 17:20:51,764.93,0.0
2025-04-11 18:15:49,764.93,0.0
2025-04-11 18:54:55,764.93,0.0
2025-04-11 19:38:35,763.88,1.0499999999999545
2025-04-11 20:17:13,763.88,0.0
2025-04-11 21:02:45,763.88,0.0
2025-04-11 21:35:11,762.88,1.0
2025-04-11 22:16:49,762.88,0.0
2025-04-11 22:52:51,762.88,0.0
2025-04-11 23:36:59,762.88,0.0
2025-04-12 00:07:30,761.88,1.0
2025-04-12 01:03:49,761.88,0.0
2025-04-12 02:02:50,761.88,0.0
2025-04-12 02:50:16,761.88,0.0
2025-04-12 03:39:21,761.88,0.0
2025-04-12 04:12:32,761.88,0.0
2025-04-12 04:42:58,761.88,0.0
2025-04-12 05:15:39,761.88,0.0
2025-04-12 06:05:51,761.88,0.0
2025-04-12 06:45:59,761.88,0.0
2025-04-12 07:30:28,761.88,0.0
2025-04-12 08:03:45,761.88,0.0
2025-04-12 08:35:09,761.88,0.0
2025-04-12 09:28:50,761.88,0.0
2025-04-12 10:24:36,761.88,0.0
2025-04-12 10:54:45,761.88,0.0
2025-04-12 11:31:57,761.88,0.0
2025-04-12 12:29:54,761.88,0.0
2025-04-12 13:12:02,760.88,1.0
2025-04-12 14:04:34,760.88,0.0
2025-04-12 14:48:51,760.88,0.0
2025-04-12 15:29:47,760.88,0.0
2025-04-12 16:01:52,760.88,0.0
2025-04-12 16:48:20,759.88,1.0
2025-04-12 17:22:32,759.88,0.0
2025-04-12 18:14:45,759.88,0.0
2025-04-12 18:58:06,758.88,1.0
2025-04-12 19:33:23,758.88,0.0
2025-04-12 20:15:24,758.88,0.0
2025-04-12 20:56:23,758.88,0.0
2025-04-12 21:32:01,757.88,1.0
2025-04-12 22:31:55,757.88,0.0
2025-04-12 23:11:11,756.88,1.0
2025-04-13 00:00:16,756.88,0.0
2025-04-13 00:51:39,756.88,0.0
2025-04-13 01:49:23,756.88,0.0
2025-04-13 02:41:41,756.88,0.0
2025-04-13 03:38:41,756.88,0.0
2025-04-13 04:33:08,756.88,0.0
2025-04-13 05:23:08,756.88,0.0
2025-04-13 05:56:50,756.88,0.0
2025-04-13 06:41:43,756.88,0.0
2025-04-13 07:19:30,756.88,0.0
2025-04-13 08:19:30,756.88,0.0
2025-04-13 09:18:22,756.88,0.0
2025-04-13 10:13:40,756.88,0.0
2025-04-13 10:57:38,756.88,0.0
2025-04-13 11:53:30,756.88,0.0
2025-04-13 12:35:04,756.88,0.0
2025-04-13 13:09:24,755.88,1.0
2025-04-13 14:01:06,755.88,0.0
2025-04-13 15:00:50,755.88,0.0
2025-04-13 15:31:59,755.88,0.0
2025-04-13 16:11:58,754.88,1.0
2025-04-13 17:02:37,754.88,0.0
2025-04-13 17:46:40,754.88,0.0
2025-04-13 18:23:16,753.83,1.0499999999999545
2025-04-13 19:11:42,753.83,0.0
2025-04-13 20:05:36,753.83,0.0
2025-04-13 20:48:56,753.83,0.0
2025-04-13 21:43:38,753.83,0.0
2025-04-13 22:26:51,752.83,1.0
2025-04-13 23:10:18,752.83,0.0
2025-04-14 00:07:46,752.83,0.0
2025-04-14 00:42:17,752.83,0.0
2025-04-14 01:26:47,752.83,0.0
2025-04-14 02:14:02,752.83,0.0
2025-04-14 02:57:35,752.83,0.0
2025-04-14 03:42:11,752.83,0.0
2025-04-14 04:37:07,752.83,0.0
2025-04-14 05:27:59,752.83,0.0
2025-04-14 06:05:21,752.83,0.0
2025-04-14 06:48:01,751.83,1.0
2025-04-14 07:29:52,751.83,0.0
2025-04-14 08:20:28,751.83,0.0
2025-04-14 08:51:59,751.63,0.20000000000004547
2025-04-14 09:24:44,751.63,0.0
2025-04-14 10:07:09,751.63,0.0
2025-04-14 10:44:48,751.63,0.0
2025-04-14 11:34:03,751.63,0.0
2025-04-14 12:30:43,751.63,0.0
2025-04-14 13:18:19,751.63,0.0
2025-04-14 13:51:45,751.63,0.0
2025-04-14 14:46:52,750.63,1.0
2025-04-14 15:36:11,750.63,0.0
2025-04-14 16:24:13,750.63,0.0
2025-04-14 17:05:00,750.63,0.0
2025-04-14 17:38:50,750.63,0.0
2025-04-14 18:25:38,749.63,1.0
2025-04-14 19:09:47,749.63,0.0
2025-04-14 20:03:11,749.63,0.0
2025-04-14 20:59:48,748.63,1.0
2025-04-14 21:53:20,748.63,0.0
2025-04-14 22:44:58,748.63,0.0
2025-04-14 23:18:13,747.58,1.0499999999999545
2025-04-15 00:16:28,747.58,0.0
2025-04-15 00:48:35,747.58,0.0
2025-04-15 01:32:46,747.58,0.0
2025-04-15 02:16:35,747.58,0.0
2025-04-15 03:09:35,747.58,0.0
2025-04-15 03:48:31,747.58,0.0
2025-04-15 04:41:11,747.58,0.0
2025-04-15 05:34:01,747.58,0.0
2025-04-15 06:18:31,747.58,0.0
2025-04-15 07:05:46,747.58,0.0
2025-04-15 07:52:31,747.58,0.0
2025-04-15 08:34:58,747.58,0.0
2025-04-15 09:19:12,747.58,0.0
2025-04-15 10:06:01,747.58,0.0
2025-04-15 10:52:52,747.58,0.0
2025-04-15 11:52:39,746.58,1.0
2025-04-15 12:38:07,746.58,0.0
2025-04-15 13:12:34,746.58,0.0
2025-04-15 13:45:22,746.58,0.0
2025-04-15 14:22:39,745.48,1.1000000000000227
2025-04-15 14:58:09,745.48,0.0
2025-04-15 15:39:56,744.43,1.0500000000000682
2025-04-15 16:16:07,744.43,0.0
2025-04-15 16:50:17,743.33,1.099999999999909
2025-04-15 17:48:35,743.33,0.0
2025-04-15 18:43:03,742.23,1.1000000000000227
2025-04-15 19:15:24,742.23,0.0
2025-04-15 20:12:09,742.23,0.0
2025-04-15 20:46:07,741.18,1.0500000000000682
2025-04-15 21:20:15,741.18,0.0
2025-04-15 21:59:33,741.18,0.0
2025-04-15 22:51:42,740.18,1.0
2025-04-15 23:42:23,740.18,0.0
2025-04-16 00:41:10,739.18,1.0
2025-04-16 01:36:33,739.18,0.0
2025-04-16 02:15:19,739.18,0.0
2025-04-16 02:57:03,739.18,0.0
2025-04-16 03:33:37,739.18,0.0
2025-04-16 04:26:14,739.18,0.0
2025-04-16 05:21:30,739.18,0.0
2025-04-16 06:11:03,739.18,0.0
2025-04-16 06:52:58,738.18,1.0
2025-04-16 07:32:58,738.18,0.0
2025-04-16 08:22:37,738.18,0.0
2025-04-16 09:00:16,738.18,0.0
2025-04-16 09:30:37,738.18,0.0
2025-04-16 10:22:56,738.18,0.0
2025-04-16 11:08:59,738.18,0.0
2025-04-16 11:52:31,737.03,1.1499999999999773
2025-04-16 12:22:53,737.03,0.0
2025-04-16 13:04:10,735.98,1.0499999999999545
2025-04-16 13:56:50,735.98,0.0
2025-04-16 14:37:07,734.93,1.0500000000000682
2025-04-16 15:23:37,734.93,0.0
2025-04-16 15:55:20,733.93,1.0
2025-04-16 16:37:03,733.93,0.0
2025-04-16 17:23:36,732.88,1.0499999999999545
2025-04-16 17:59:45,732.88,0.0
2025-04-16 18:39:34,732.88,0.0
2025-04-16 19:36:51,731.73,1.1499999999999773
2025-04-16 20:19:00,731.73,0.0
2025-04-16 21:15:31,730.73,1.0
2025-04-16 22:07:47,730.73,0.0
2025-04-16 22:40:45,730.73,0.0
2025-04-16 23:26:09,730.73,0.0
2025-04-17 00:13:11,730.73,0.0
2025-04-17 00:52:20,730.73,0.0
2025-04-17 01:25:48,730.73,0.0
2025-04-17 02:14:09,730.73,0.0
2025-04-17 03:08:45,730.73,0.0
2025-04-17 03:42:16,730.73,0.0
2025-04-17 04:17:36,730.73,0.0
2025-04-17 05:01:55,730.73,0.0
2025-04-17 05:39:12,730.73,0.0
2025-04-17 06:27:28,729.73,1.0
2025-04-17 07:02:55,729.73,0.0
2025-04-17 08:00:54,729.73,0.0
2025-04-17 08:47:32,729.73,0.0
2025-04-17 09:30:20,729.73,0.0
2025-04-17 10:11:32,729.73,0.0
2025-04-17 11:01:28,729.73,0.0
2025-04-17 11:35:44,729.73,0.0
2025-04-17 12:28:40,728.68,1.0500000000000682
2025-04-17 13:24:10,728.68,0.0
2025-04-17 14:03:55,728.68,0.0
2025-04-17 14:36:09,728.68,0.0
2025-04-17 15:23:01,727.68,1.0
2025-04-17 16:01:36,726.63,1.0499999999999545
2025-04-17 16:39:38,725.53,1.1000000000000227
2025-04-17 17:19:30,725.53,0.0
2025-04-17 17:50:41,724.53,1.0
2025-04-17 18:43:13,723.53,1.0
2025-04-17 19:20:04,723.53,0.0
2025-04-17 20:19:08,722.53,1.0
2025-04-17 20:59:26,721.53,1.0
2025-04-17 21:48:03,721.53,0.0
2025-04-17 22:47:18,720.53,1.0
2025-04-17 23:22:30,719.53,1.0
2025-04-18 00:07:04,719.53,0.0
2025-04-18 00:39:26,719.53,0.0
2025-04-18 01:13:16,718.53,1.0
2025-04-18 01:48:30,718.53,0.0
2025-04-18 02:39:40,718.53,0.0
2025-04-18 03:09:42,718.53,0.0
2025-04-18 03:52:24,717.48,1.0499999999999545
2025-04-18 04:35:48,717.48,0.0
2025-04-18 05:31:36,717.48,0.0
2025-04-18 06:08:21,716.48,1.0
2025-04-18 06:59:12,716.48,0.0
2025-04-18 07:35:42,716.48,0.0
2025-04-18 08:13:17,715.48,1.0
2025-04-18 08:46:04,715.48,0.0
2025-04-18 09:35:41,715.48,0.0
2025-04-18 10:18:50,715.48,0.0
2025-04-18 11:06:33,715.48,0.0
2025-04-18 11:45:00,715.48,0.0
2025-04-18 12:38:05,714.28,1.2000000000000455
2025-04-18 13:22:30,713.18,1.1000000000000227
2025-04-18 13:52:55,712.18,1.0
2025-04-18 14:35:10,711.18,1.0
2025-04-18 15:16:47,710.03,1.1499999999999773
2025-04-18 15:52:14,710.03,0.0
2025-04-18 16:48:07,708.93,1.1000000000000227
2025-04-18 17:36:57,707.83,1.099999999999909
2025-04-18 18:16:18,706.73,1.1000000000000227
2025-04-18 19:10:35,706.73,0.0
2025-04-18 20:00:29,705.63,1.1000000000000227
2025-04-18 20:34:38,704.63,1.0
2025-04-18 21:13:16,704.63,0.0
2025-04-18 21:58:37,703.48,1.1499999999999773
2025-04-18 22:45:36,702.23,1.25
2025-04-18 23:16:04,701.23,1.0
2025-04-19 00:03:29,701.23,0.0
2025-04-19 00:34:13,700.08,1.1499999999999773
2025-04-19 01:18:33,700.08,0.0
2025-04-19 01:49:11,700.08,0.0
2025-04-19 02:43:03,699.03,1.0500000000000682
2025-04-19 03:19:15,699.03,0.0
2025-04-19 04:10:45,698.03,1.0
2025-04-19 05:06:00,698.03,0.0
2025-04-19 05:46:24,698.03,0.0
2025-04-19 06:42:10,696.93,1.1000000000000227
2025-04-19 07:18:32,696.93,0.0
2025-04-19 07:57:26,696.93,0.0
2025-04-19 08:44:12,695.93,1.0
2025-04-19 09:41:07,695.93,0.0
2025-04-19 10:24:07,694.88,1.0499999999999545
2025-04-19 10:56:44,694.88,0.0
2025-04-19 11:30:07,694.88,0.0
2025-04-19 12:15:39,694.88,0.0
2025-04-19 13:07:37,694.88,0.0
2025-04-19 13:52:23,693.88,1.0
2025-04-19 14:40:29,692.58,1.2999999999999545
2025-04-19 15:27:03,691.38,1.2000000000000455
2025-04-19 16:13:18,690.38,1.0
2025-04-19 17:10:38,690.38,0.0
2025-04-19 17:45:10,689.33,1.0499999999999545
2025-04-19 18:17:30,688.33,1.0
2025-04-19 18:59:31,688.33,0.0
2025-04-19 19:50:01,688.33,0.0
2025-04-19 20:32:52,687.33,1.0
2025-04-19 21:28:38,687.33,0.0
2025-04-19 22:27:01,687.33,0.0
2025-04-19 23:09:49,686.33,1.0
2025-04-19 23:43:06,685.28,1.0500000000000682
2025-04-20 00:29:50,685.28,0.0
2025-04-20 01:02:26,684.23,1.0499999999999545
2025-04-20 01:34:32,684.23,0.0
2025-04-20 02:13:52,684.23,0.0
2025-04-20 02:56:23,684.23,0.0
2025-04-20 03:42:13,683.18,1.0500000000000682
2025-04-20 04:30:43,683.18,0.0
2025-04-20 05:21:55,682.18,1.0
2025-04-20 06:15:09,682.18,0.0
2025-04-20 06:48:47,682.18,0.0
2025-04-20 07:37:54,681.18,1.0
2025-04-20 08:11:39,681.18,0.0
2025-04-20 08:47:46,681.18,0.0
2025-04-20 09:43:25,680.18,1.0
2025-04-20 10:29:19,680.18,0.0
2025-04-20 11:09:43,679.18,1.0
2025-04-20 12:00:06,679.18,0.0
2025-04-20 12:54:02,678.18,1.0
2025-04-20 13:47:13,678.18,0.0
2025-04-20 14:19:39,678.18,0.0
2025-04-20 14:52:02,677.18,1.0
2025-04-20 15:37:52,677.18,0.0
2025-04-20 16:35:20,676.03,1.1499999999999773
2025-04-20 17:29:22,674.93,1.1000000000000227
2025-04-20 18:19:15,673.78,1.1499999999999773
2025-04-20 18:58:12,672.18,1.6000000000000227
2025-04-20 19:49:55,672.18,0.0
2025-04-20 20:38:23,670.98,1.1999999999999318
2025-04-20 21:24:33,669.88,1.1000000000000227
2025-04-20 22:10:48,668.78,1.1000000000000227
2025-04-20 23:03:55,668.78,0.0
2025-04-20 23:36:36,667.68,1.1000000000000227
2025-04-21 00:36:11,666.68,1.0
2025-04-21 01:26:14,666.68,0.0
2025-04-21 02:06:17,666.68,0.0
2025-04-21 02:55:31,665.68,1.0
2025-04-21 03:47:53,665.68,0.0
2025-04-21 04:45:10,665.68,0.0
2025-04-21 05:43:53,664.68,1.0
2025-04-21 06:26:57,664.68,0.0
2025-04-21 07:11:26,664.68,0.0
2025-04-21 07:52:16,663.63,1.0499999999999545
2025-04-21 08:42:28,663.63,0.0
2025-04-21 09:36:38,662.63,1.0
2025-04-21 10:31:27,662.63,0.0
2025-04-21 11:16:31,662.63,0.0
2025-04-21 11:47:02,662.63,0.0
2025-04-21 12:18:31,661.63,1.0
2025-04-21 13:09:20,661.63,0.0
2025-04-21 14:04:08,661.63,0.0
2025-04-21 14:37:53,661.63,0.0
2025-04-21 15:17:20,661.63,0.0
2025-04-21 15:55:11,661.63,0.0
2025-04-21 16:50:40,660.58,1.0499999999999545
2025-04-21 17:39:03,660.58,0.0
2025-04-21 18:14:20,660.58,0.0
2025-04-21 19:09:19,659.58,1.0
2025-04-21 19:42:22,659.58,0.0
2025-04-21 20:30:05,659.58,0.0
2025-04-21 21:04:01,659.58,0.0
2025-04-21 21:53:13,659.58,0.0
2025-04-21 22:47:51,658.58,1.0
2025-04-21 23:23:22,658.58,0.0
2025-04-22 00:11:01,658.58,0.0
2025-04-22 00:42:20,658.58,0.0
2025-04-22 01:21:00,657.58,1.0
2025-04-22 01:52:29,657.58,0.0
2025-04-22 02:44:38,657.58,0.0
2025-04-22 03:32:01,656.58,1.0
2025-04-22 04:24:24,656.58,0.0
2025-04-22 05:09:18,656.58,0.0
2025-04-22 05:51:15,655.58,1.0
2025-04-22 06:33:16,655.58,0.0
2025-04-22 07:10:25,655.58,0.0
2025-04-22 08:04:28,654.53,1.0500000000000682
2025-04-22 08:36:29,654.53,0.0
2025-04-22 09:27:08,654.53,0.0
2025-04-22 10:20:28,654.53,0.0
2025-04-22 11:10:56,654.03,0.5
2025-04-22 11:42:45,654.03,0.0
2025-04-22 12:21:50,654.03,0.0
2025-04-22 12:57:07,654.03,0.0
2025-04-22 13:28:58,654.03,0.0
2025-04-22 14:25:43,652.93,1.1000000000000227
2025-04-22 15:03:14,651.83,1.099999999999909
2025-04-22 16:03:11,651.13,0.7000000000000455
2025-04-22 16:59:52,650.13,1.0
2025-04-22 17:56:44,650.13,0.0
2025-04-22 18:46:43,649.08,1.0499999999999545
2025-04-22 19:45:15,649.08,0.0
2025-04-22 20:18:56,648.03,1.0500000000000682
2025-04-22 20:57:25,648.03,0.0
2025-04-22 21:46:27,646.98,1.0499999999999545
2025-04-22 22:32:31,646.98,0.0
2025-04-22 23:30:03,645.98,1.0
2025-04-23 00:24:36,644.93,1.0500000000000682
2025-04-23 01:06:33,644.93,0.0
2025-04-23 01:59:51,644.93,0.0
2025-04-23 02:30:26,644.93,0.0
2025-04-23 03:12:54,643.93,1.0
2025-04-23 03:44:00,643.93,0.0
2025-04-23 04:27:05,643.93,0.0
2025-04-23 04:58:49,643.93,0.0
2025-04-23 05:47:12,642.88,1.0499999999999545
2025-04-23 06:46:43,642.88,0.0
2025-04-23 07:40:56,642.88,0.0
2025-04-23 08:18:48,641.88,1.0
2025-04-23 08:51:00,641.88,0.0
2025-04-23 09:46:59,641.88,0.0
2025-04-23 10:30:14,640.88,1.0
2025-04-23 11:30:11,640.88,0.0
2025-04-23 12:25:47,639.88,1.0
2025-04-23 13:22:00,639.88,0.0
2025-04-23 14:03:06,639.88,0.0
2025-04-23 14:57:49,639.88,0.0
2025-04-23 15:29:30,639.88,0.0
2025-04-23 16:10:45,639.88,0.0
2025-04-23 16:44:44,638.88,1.0
2025-04-23 17:33:26,638.88,0.0
2025-04-23 18:22:26,638.88,0.0
2025-04-23 18:54:09,638.88,0.0
2025-04-23 19:42:03,638.88,0.0
2025-04-23 20:31:43,637.73,1.1499999999999773
2025-04-23 21:21:42,636.68,1.0500000000000682
2025-04-23 22:02:27,636.68,0.0
2025-04-23 22:39:29,635.58,1.099999999999909
2025-04-23 23:35:51,635.58,0.0
2025-04-24 00:16:51,635.58,0.0
2025-04-24 00:48:21,635.58,0.0
2025-04-24 01:27:25,635.58,0.0
2025-04-24 02:17:35,635.58,0.0
2025-04-24 03:06:24,635.58,0.0
2025-04-24 03:51:36,635.58,0.0
2025-04-24 04:27:07,635.58,0.0
2025-04-24 05:20:21,635.58,0.0
2025-04-24 05:57:03,635.58,0.0
2025-04-24 06:54:47,634.58,1.0
2025-04-24 07:51:56,634.58,0.0
2025-04-24 08:45:23,634.58,0.0
2025-04-24 09:16:11,634.58,0.0
2025-04-24 09:52:01,634.58,0.0
2025-04-24 10:30:03,634.58,0.0
2025-04-24 11:06:51,634.58,0.0
2025-04-24 11:40:19,634.58,0.0
2025-04-24 12:37:28,634.58,0.0
2025-04-24 13:30:34,633.58,1.0
2025-04-24 14:10:42,633.58,0.0
2025-04-24 14:43:46,633.58,0.0
2025-04-24 15:27:55,632.53,1.0500000000000682
2025-04-24 16:08:30,632.53,0.0
2025-04-24 16:51:11,632.53,0.0
2025-04-24 17:40:05,631.43,1.1000000000000227
2025-04-24 18:16:12,631.43,0.0
2025-04-24 18:46:44,630.43,1.0
2025-04-24 19:40:38,630.43,0.0
2025-04-24 20:31:33,630.43,0.0
2025-04-24 21:25:04,630.43,0.0
2025-04-24 22:18:28,629.38,1.0499999999999545
2025-04-24 22:48:30,628.38,1.0
2025-04-24 23:18:44,628.38,0.0
2025-04-25 00:04:42,627.38,1.0
2025-04-25 00:48:06,627.38,0.0
2025-04-25 01:27:46,627.38,0.0
2025-04-25 02:13:00,627.38,0.0
2025-04-25 02:46:52,627.38,0.0
2025-04-25 03:45:42,627.38,0.0
2025-04-25 04:28:04,627.38,0.0
2025-04-25 05:24:35,627.38,0.0
2025-04-25 06:00:39,627.38,0.0
2025-04-25 06:33:06,627.38,0.0
2025-04-25 07:27:20,627.38,0.0
2025-04-25 08:09:18,627.38,0.0
2025-04-25 09:01:28,627.38,0.0
2025-04-25 09:40:08,627.38,0.0
2025-04-25 10:24:07,627.38,0.0
2025-04-25 11:19:02,626.73,0.6499999999999773
2025-04-25 11:53:28,626.73,0.0
2025-04-25 12:31:30,626.73,0.0
2025-04-25 13:03:06,626.73,0.0
2025-04-25 13:40:44,626.73,0.0
2025-04-25 14:37:45,625.73,1.0
2025-04-25 15:26:32,625.73,0.0
2025-04-25 16:07:57,625.73,0.0
2025-04-25 16:49:10,625.73,0.0
2025-04-25 17:27:05,625.73,0.0
2025-04-25 18:13:45,625.73,0.0
2025-04-25 19:04:46,624.68,1.0500000000000682
2025-04-25 19:53:26,624.68,0.0
2025-04-25 20:50:04,623.63,1.0499999999999545
2025-04-25 21:31:50,623.63,0.0
2025-04-25 22:18:49,623.63,0.0
2025-04-25 22:54:43,622.63,1.0
2025-04-25 23:44:13,622.63,0.0
2025-04-26 00:28:22,622.63,0.0
2025-04-26 01:26:50,622.63,0.0
2025-04-26 02:23:18,622.63,0.0
2025-04-26 03:09:27,622.63,0.0
2025-04-26 03:55:04,622.63,0.0
2025-04-26 04:31:22,622.63,0.0
2025-04-26 05:27:33,622.63,0.0
2025-04-26 06:06:19,622.63,0.0
2025-04-26 06:48:15,622.63,0.0
2025-04-26 07:44:37,622.63,0.0
2025-04-26 08:14:39,621.63,1.0
2025-04-26 08:57:43,621.63,0.0
2025-04-26 09:48:26,621.63,0.0
2025-04-26 10:47:42,621.63,0.0
2025-04-26 11:31:26,621.63,0.0
2025-04-26 12:06:37,621.63,0.0
2025-04-26 12:54:52,621.63,0.0
2025-04-26 13:46:28,620.58,1.0499999999999545
2025-04-26 14:43:44,620.58,0.0
2025-04-26 15:43:09,620.58,0.0
2025-04-26 16:42:25,619.58,1.0
2025-04-26 17:37:31,619.58,0.0
2025-04-26 18:15:42,619.58,0.0
2025-04-26 18:56:21,619.58,0.0
2025-04-26 19:49:58,619.58,0.0
2025-04-26 20:30:45,618.58,1.0
2025-04-26 21:20:02,618.58,0.0
2025-04-26 21:52:18,618.58,0.0
2025-04-26 22:40:08,618.58,0.0
2025-04-26 23:10:20,617.58,1.0
2025-04-26 23:45:11,617.58,0.0
2025-04-27 00:42:30,617.58,0.0
2025-04-27 01:23:48,617.58,0.0
2025-04-27 02:09:57,617.58,0.0
2025-04-27 02:57:58,617.58,0.0
2025-04-27 03:50:45,617.58,0.0
2025-04-27 04:39:54,617.58,0.0
2025-04-27 05:37:54,617.58,0.0
2025-04-27 06:20:28,617.58,0.0
2025-04-27 07:18:20,617.58,0.0
2025-04-27 07:51:47,617.58,0.0
2025-04-27 08:32:34,617.58,0.0
2025-04-27 09:03:41,617.58,0.0
2025-04-27 09:42:51,617.58,0.0
2025-04-27 10:40:47,617.58,0.0
2025-04-27 11:37:32,617.58,0.0
2025-04-27 12:36:33,617.58,0.0
2025-04-27 13:14:23,617.58,0.0
2025-04-27 14:03:52,616.58,1.0
2025-04-27 14:47:57,616.58,0.0
2025-04-27 15:29:05,616.58,0.0
2025-04-27 15:59:33,615.53,1.0500000000000682
2025-04-27 16:53:53,615.53,0.0
2025-04-27 17:28:46,615.53,0.0
2025-04-27 18:21:33,614.53,1.0
2025-04-27 18:53:55,614.53,0.0
2025-04-27 19:51:11,613.53,1.0
2025-04-27 20:45:13,613.53,0.0
2025-04-27 21:18:15,613.53,0.0
2025-04-27 22:01:02,612.38,1.1499999999999773
2025-04-27 22:40:11,612.38,0.0
2025-04-27 23:29:58,611.38,1.0
2025-04-28 00:10:47,611.38,0.0
2025-04-28 01:06:19,611.38,0.0
2025-04-28 01:58:18,611.38,0.0
2025-04-28 02:54:16,611.38,0.0
2025-04-28 03:41:39,611.38,0.0
2025-04-28 04:25:37,611.38,0.0
2025-04-28 05:12:57,610.38,1.0
2025-04-28 06:00:14,610.38,0.0
2025-04-28 06:35:50,610.38,0.0
2025-04-28 07:28:56,610.38,0.0
2025-04-28 08:18:05,610.38,0.0
2025-04-28 09:09:19,610.38,0.0
2025-04-28 09:46:43,610.18,0.20000000000004547
2025-04-28 10:37:22,610.18,0.0
2025-04-28 11:24:44,610.18,0.0
2025-04-28 12:23:05,610.18,0.0
2025-04-28 13:10:43,610.18,0.0
2025-04-28 13:54:30,610.18,0.0
2025-04-28 14:35:20,610.18,0.0
2025-04-28 15:07:17,610.18,0.0
2025-04-28 15:39:27,610.18,0.0
2025-04-28 16:20:16,610.18,0.0
2025-04-28 17:19:53,610.18,0.0
2025-04-28 18:09:00,609.18,1.0
2025-04-28 18:42:17,609.18,0.0
2025-04-28 19:23:29,609.18,0.0
2025-04-28 19:53:59,609.18,0.0
2025-04-28 20:50:25,609.18,0.0
2025-04-28 21:46:49,608.13,1.0499999999999545
2025-04-28 22:44:11,608.13,0.0
2025-04-28 23:28:22,608.13,0.0
2025-04-29 00:05:41,607.08,1.0499999999999545
2025-04-29 01:01:39,607.08,0.0
2025-04-29 01:49:55,607.08,0.0
2025-04-29 02:26:10,607.08,0.0
2025-04-29 02:57:38,607.08,0.0
2025-04-29 03:41:36,607.08,0.0
2025-04-29 04:31:23,607.08,0.0
2025-04-29 05:10:50,607.08,0.0
2025-04-29 06:01:50,607.08,0.0
2025-04-29 06:48:29,607.08,0.0
2025-04-29 07:18:51,607.08,0.0
2025-04-29 08:04:22,607.08,0.0
2025-04-29 08:41:24,607.08,0.0
2025-04-29 09:13:17,607.08,0.0
2025-04-29 09:56:21,607.08,0.0
2025-04-29 10:51:18,607.08,0.0
2025-04-29 11:43:44,607.08,0.0
2025-04-29 12:23:01,607.08,0.0
2025-04-29 12:56:26,606.08,1.0
2025-04-29 13:48:38,606.08,0.0
2025-04-29 14:32:59,606.08,0.0
2025-04-29 15:23:40,606.08,0.0
2025-04-29 16:00:29,606.08,0.0
2025-04-29 16:49:42,605.08,1.0
2025-04-29 17:24:38,605.08,0.0
2025-04-29 18:13:18,604.78,0.3000000000000682
2025-04-29 19:07:23,604.78,0.0
2025-04-29 19:51:01,604.78,0.0
2025-04-29 20:24:35,604.78,0.0
2025-04-29 21:12:55,603.78,1.0
2025-04-29 22:06:00,603.78,0.0
2025-04-29 23:03:43,603.78,0.0
2025-04-29 23:40:01,602.68,1.1000000000000227
2025-04-30 00:27:40,602.68,0.0
2025-04-30 01:20:01,602.68,0.0
2025-04-30 02:00:48,602.68,0.0
2025-04-30 02:49:51,602.68,0.0
2025-04-30 03:21:54,602.68,0.0
2025-04-30 03:52:32,602.68,0.0
2025-04-30 04:51:50,602.68,0.0
2025-04-30 05:24:31,602.68,0.0
2025-04-30 06:03:28,602.68,0.0
2025-04-30 06:33:56,602.68,0.0
2025-04-30 07:27:55,602.68,0.0
2025-04-30 08:23:51,602.68,0.0
2025-04-30 09:21:38,602.68,0.0
2025-04-30 10:19:49,602.68,0.0
2025-04-30 11:01:52,602.68,0.0
2025-04-30 11:37:59,602.68,0.0
2025-04-30 12:30:55,601.68,1.0
2025-04-30 13:08:16,601.68,0.0
2025-04-30 13:57:42,601.68,0.0
2025-04-30 14:32:33,601.68,0.0
2025-04-30 15:12:17,601.68,0.0
2025-04-30 16:02:53,600.68,1.0
2025-04-30 16:57:52,600.68,0.0
2025-04-30 17:44:58,600.68,0.0
2025-04-30 18:42:16,599.63,1.0499999999999545
2025-04-30 19:24:28,598.63,1.0
2025-04-30 20:15:47,598.63,0.0
2025-04-30 21:14:10,597.63,1.0
2025-04-30 21:46:00,596.58,1.0499999999999545
2025-04-30 22:17:17,596.58,0.0
2025-04-30 23:09:49,595.48,1.1000000000000227
2025-05-01 00:03:37,595.48,0.0
2025-05-01 00:35:11,595.48,0.0
2025-05-01 01:24:51,594.43,1.0500000000000682
2025-05-01 02:07:58,594.43,0.0
2025-05-01 02:46:41,594.43,0.0
2025-05-01 03:45:28,593.38,1.0499999999999545
2025-05-01 04:24:57,593.38,0.0
2025-05-01 04:59:46,593.38,0.0
2025-05-01 05:44:25,593.38,0.0
2025-05-01 06:15:07,593.38,0.0
2025-05-01 06:47:57,592.38,1.0
2025-05-01 07:19:41,592.38,0.0
2025-05-01 07:51:22,592.38,0.0
2025-05-01 08:45:35,592.38,0.0
2025-05-01 09:40:31,591.33,1.0499999999999545
2025-05-01 10:30:59,621.33,0
2025-05-01 11:04:01,621.33,0.0
2025-05-01 11:58:36,619.98,1.3500000000000227
2025-05-01 12:42:26,619.98,0.0
2025-05-01 13:40:23,619.98,0.0
2025-05-01 14:20:39,619.98,0.0
2025-05-01 15:12:27,618.98,1.0
2025-05-01 15:45:52,618.98,0.0
2025-05-01 16:25:19,618.98,0.0
2025-05-01 16:57:26,618.98,0.0
2025-05-01 17:49:20,618.98,0.0
2025-05-01 18:28:30,618.98,0.0
2025-05-01 19:16:45,618.98,0.0
2025-05-01 19:53:14,618.98,0.0
2025-05-01 20:28:41,617.98,1.0
2025-05-01 21:00:53,617.98,0.0
2025-05-01 21:35:54,617.98,0.0
2025-05-01 22:25:42,616.98,1.0
2025-05-01 23:18:27,616.98,0.0
2025-05-02 00:00:56,615.93,1.0500000000000682
2025-05-02 00:36:27,615.93,0.0
2025-05-02 01:27:04,615.93,0.0
2025-05-02 02:01:24,614.88,1.0499999999999545
2025-05-02 02:52:00,614.88,0.0
2025-05-02 03:29:45,614.88,0.0
2025-05-02 04:12:55,613.88,1.0
2025-05-02 04:45:54,613.88,0.0
2025-05-02 05:45:28,613.88,0.0
2025-05-02 06:22:50,612.88,1.0
2025-05-02 07:21:25,612.88,0.0
2025-05-02 08:02:41,612.88,0.0
2025-05-02 08:55:28,611.83,1.0499999999999545
2025-05-02 09:53:13,611.83,0.0
2025-05-02 10:45:03,611.83,0.0
2025-05-02 11:27:35,610.78,1.0500000000000682
2025-05-02 12:08:04,610.78,0.0
2025-05-02 12:53:25,609.78,1.0
2025-05-02 13:29:35,609.78,0.0
2025-05-02 14:27:17,608.73,1.0499999999999545
2025-05-02 14:59:58,607.68,1.0500000000000682
2025-05-02 15:54:13,606.58,1.099999999999909
2025-05-02 16:26:16,605.43,1.150000000000091
2025-05-02 17:04:25,605.43,0.0
2025-05-02 17:45:04,604.23,1.1999999999999318
2025-05-02 18:36:09,603.23,1.0
2025-05-02 19:09:52,603.23,0.0
2025-05-02 19:42:50,602.18,1.0500000000000682
2025-05-02 20:17:50,602.18,0.0
2025-05-02 20:54:10,601.13,1.0499999999999545
2025-05-02 21:32:01,601.13,0.0
2025-05-02 22:28:52,600.03,1.1000000000000227
2025-05-02 23:26:07,600.03,0.0
2025-05-03 00:12:54,599.03,1.0
2025-05-03 00:46:30,599.03,0.0
2025-05-03 01:19:46,599.03,0.0
2025-05-03 02:14:03,599.03,0.0
2025-05-03 02:54:51,599.03,0.0
2025-05-03 03:42:22,599.03,0.0
2025-05-03 04:30:14,599.03,0.0
2025-05-03 05:06:42,599.03,0.0
2025-05-03 05:38:24,599.03,0.0
2025-05-03 06:36:58,599.03,0.0
2025-05-03 07:08:39,598.03,1.0
2025-05-03 08:02:28,598.03,0.0
2025-05-03 08:36:56,598.03,0.0
2025-05-03 09:34:45,597.03,1.0
2025-05-03 10:14:43,597.03,0.0
2025-05-03 11:09:38,597.03,0.0
2025-05-03 11:45:55,597.03,0.0
2025-05-03 12:43:52,597.03,0.0
2025-05-03 13:41:04,597.03,0.0
2025-05-03 14:28:30,596.03,1.0
2025-05-03 15:09:08,594.98,1.0499999999999545
2025-05-03 15:57:10,593.88,1.1000000000000227
2025-05-03 16:56:47,592.73,1.1499999999999773
2025-05-03 17:53:34,591.58,1.1499999999999773
2025-05-03 18:28:20,591.58,0.0
2025-05-03 19:28:04,590.48,1.1000000000000227
2025-05-03 20:04:07,590.48,0.0
2025-05-03 20:36:43,589.28,1.2000000000000455
2025-05-03 21:30:22,589.28,0.0
2025-05-04 05:33:54,586.63,2.6499999999999773
2025-05-04 06:29:11,585.48,1.1499999999999773
2025-05-04 07:21:39,585.48,0.0
2025-05-04 07:58:57,585.48,0.0
2025-05-04 08:52:07,584.48,1.0
2025-05-04 09:22:29,584.48,0.0
2025-05-04 10:06:29,583.43,1.0500000000000682
2025-05-04 10:52:35,583.43,0.0
2025-05-04 11:40:54,583.43,0.0
2025-05-04 12:38:13,582.43,1.0
2025-05-04 13:27:05,582.43,0.0
2025-05-04 13:57:47,582.43,0.0
2025-05-04 14:46:05,582.43,0.0
2025-05-04 15:20:22,581.43,1.0
2025-05-04 15:51:11,581.43,0.0
2025-05-04 16:27:27,581.43,0.0
2025-05-04 17:11:31,581.43,0.0
2025-05-04 17:45:37,581.43,0.0
2025-05-04 18:29:33,581.43,0.0
2025-05-04 19:13:36,581.43,0.0
2025-05-04 20:09:19,581.43,0.0
2025-05-04 20:52:59,581.43,0.0
2025-05-04 21:31:54,580.43,1.0
2025-05-04 22:10:11,580.43,0.0
2025-05-04 23:05:30,579.28,1.1499999999999773
2025-05-04 23:49:54,579.28,0.0
2025-05-05 00:29:34,578.23,1.0499999999999545
2025-05-05 00:59:34,578.23,0.0
2025-05-05 01:32:52,578.23,0.0
2025-05-05 02:25:47,578.23,0.0
2025-05-05 03:13:20,577.23,1.0
2025-05-05 03:45:57,577.23,0.0
2025-05-05 04:18:23,577.23,0.0
2025-05-05 04:55:00,577.23,0.0
2025-05-05 05:40:14,576.18,1.0500000000000682
2025-05-05 06:29:38,576.18,0.0
2025-05-05 07:25:26,575.18,1.0
2025-05-05 08:20:53,575.18,0.0
2025-05-05 09:09:05,574.18,1.0
2025-05-05 09:56:47,573.88,0.2999999999999545
2025-05-05 10:45:25,573.88,0.0
2025-05-05 11:28:10,573.88,0.0
2025-05-05 12:21:33,573.88,0.0
2025-05-05 13:21:17,573.88,0.0
2025-05-05 13:58:27,572.78,1.1000000000000227
2025-05-05 14:53:49,571.68,1.1000000000000227
2025-05-05 15:49:02,571.68,0.0
2025-05-05 16:35:49,570.68,1.0
2025-05-05 17:34:30,569.68,1.0
2025-05-05 18:27:42,569.68,0.0
2025-05-05 19:23:09,568.58,1.099999999999909
2025-05-05 20:18:44,567.53,1.0500000000000682
2025-05-05 20:50:19,567.53,0.0
2025-05-05 21:38:15,566.48,1.0499999999999545
2025-05-05 22:09:23,566.48,0.0
2025-05-05 23:05:57,565.38,1.1000000000000227
2025-05-05 23:38:40,565.38,0.0
2025-05-06 00:14:00,564.33,1.0499999999999545
2025-05-06 01:08:59,564.33,0.0
2025-05-06 01:47:58,564.33,0.0
2025-05-06 02:35:00,564.33,0.0
2025-05-06 03:19:31,563.28,1.0500000000000682
2025-05-06 04:10:10,563.28,0.0
2025-05-06 04:58:55,563.28,0.0
2025-05-06 05:30:01,562.28,1.0
2025-05-06 06:04:54,562.28,0.0
2025-05-06 06:35:13,562.28,0.0
2025-05-06 07:31:53,562.28,0.0
2025-05-06 08:18:11,561.23,1.0499999999999545
2025-05-06 09:00:36,561.23,0.0
2025-05-06 09:57:59,561.23,0.0
2025-05-06 10:31:01,561.23,0.0
2025-05-06 11:24:25,561.23,0.0
2025-05-06 12:21:59,561.23,0.0
2025-05-06 13:13:26,561.23,0.0
2025-05-06 14:07:36,561.23,0.0
2025-05-06 14:56:00,560.18,1.0500000000000682
2025-05-06 15:39:12,560.18,0.0
2025-05-06 16:32:59,559.18,1.0
2025-05-06 17:07:27,559.18,0.0
2025-05-06 17:55:54,558.08,1.099999999999909
2025-05-06 18:36:22,558.08,0.0
2025-05-06 19:24:54,557.03,1.0500000000000682
2025-05-06 20:13:47,557.03,0.0
2025-05-06 20:52:38,555.98,1.0499999999999545
2025-05-06 21:32:51,555.98,0.0
2025-05-06 22:10:00,555.98,0.0
2025-05-06 23:02:27,554.88,1.1000000000000227
2025-05-06 23:40:28,554.88,0.0
2025-05-07 00:20:35,553.73,1.1499999999999773
2025-05-07 00:56:13,553.73,0.0
2025-05-07 01:32:33,553.73,0.0
2025-05-07 02:18:04,553.73,0.0
2025-05-07 02:53:44,552.73,1.0
2025-05-07 03:38:42,552.73,0.0
2025-05-07 04:36:07,552.73,0.0
2025-05-07 05:28:00,552.73,0.0
2025-05-07 06:26:53,551.73,1.0
2025-05-07 07:00:48,551.73,0.0
2025-05-07 07:56:44,551.73,0.0
2025-05-07 08:41:47,551.73,0.0
2025-05-07 09:12:30,551.73,0.0
2025-05-07 09:54:15,550.73,1.0
2025-05-07 10:42:02,550.73,0.0
2025-05-07 11:21:56,550.73,0.0
2025-05-07 12:19:23,550.73,0.0
2025-05-07 12:56:27,550.73,0.0
2025-05-07 13:46:40,550.73,0.0
2025-05-07 14:24:57,550.73,0.0
2025-05-07 15:08:35,549.73,1.0
2025-05-07 15:47:44,549.73,0.0
2025-05-07 16:37:40,549.73,0.0
2025-05-07 17:16:12,549.73,0.0
2025-05-07 18:05:14,549.73,0.0
2025-05-07 19:02:33,549.73,0.0
2025-05-07 19:58:30,549.73,0.0
2025-05-07 20:46:12,548.73,1.0
2025-05-07 21:34:23,548.73,0.0
2025-05-07 22:29:54,547.68,1.0500000000000682
2025-05-07 23:14:56,547.68,0.0
2025-05-08 00:02:53,547.68,0.0
2025-05-08 00:53:43,547.68,0.0
2025-05-08 01:40:06,547.68,0.0
2025-05-08 02:31:46,547.68,0.0
2025-05-08 03:11:33,547.68,0.0
2025-05-08 03:54:05,547.68,0.0
2025-05-08 04:45:17,547.68,0.0
2025-05-08 05:32:18,547.68,0.0
2025-05-08 06:23:54,547.68,0.0
2025-05-08 06:58:21,547.68,0.0
2025-05-08 07:28:52,547.68,0.0
2025-05-08 08:21:14,547.68,0.0
2025-05-08 09:11:02,547.68,0.0
2025-05-08 10:08:28,547.68,0.0
2025-05-08 10:38:32,546.68,1.0
2025-05-08 11:19:58,546.68,0.0
2025-05-08 11:58:24,546.68,0.0
2025-05-08 12:55:43,546.68,0.0
2025-05-08 13:43:32,546.68,0.0
2025-05-08 14:16:00,546.68,0.0
2025-05-08 14:52:31,546.68,0.0
2025-05-08 15:28:17,546.68,0.0
2025-05-08 16:15:26,546.68,0.0
2025-05-08 16:59:35,545.68,1.0
2025-05-08 17:32:02,545.68,0.0
2025-05-08 18:02:53,545.68,0.0
2025-05-08 18:52:47,545.68,0.0
2025-05-08 19:30:09,545.68,0.0
2025-05-08 20:27:59,545.68,0.0
2025-05-08 21:26:25,545.68,0.0
2025-05-08 21:58:19,545.68,0.0
2025-05-08 22:54:05,544.68,1.0
2025-05-08 23:44:09,543.63,1.0499999999999545
2025-05-09 00:23:03,543.63,0.0
2025-05-09 01:00:03,543.63,0.0
2025-05-09 01:51:09,543.63,0.0
2025-05-09 02:23:34,543.63,0.0
2025-05-09 03:02:26,543.63,0.0
2025-05-09 03:57:28,542.63,1.0
2025-05-09 04:54:17,542.63,0.0
2025-05-09 05:48:43,542.63,0.0
2025-05-09 06:22:00,542.63,0.0
2025-05-09 06:58:19,542.63,0.0
2025-05-09 07:29:36,542.63,0.0
2025-05-09 08:11:36,542.63,0.0
2025-05-09 08:44:55,542.63,0.0
2025-05-09 09:39:23,542.63,0.0
2025-05-09 10:29:29,542.63,0.0
2025-05-09 11:24:10,542.63,0.0
2025-05-09 12:04:57,541.63,1.0
2025-05-09 12:49:00,541.63,0.0
2025-05-09 13:37:59,541.63,0.0
2025-05-09 14:18:40,541.63,0.0
2025-05-09 15:09:15,540.63,1.0
2025-05-09 15:45:03,540.63,0.0
2025-05-09 16:21:16,540.08,0.5499999999999545
2025-05-09 17:08:59,540.08,0.0
2025-05-09 17:54:56,540.08,0.0
2025-05-09 18:52:20,540.08,0.0
2025-05-09 19:24:57,539.08,1.0
2025-05-09 20:10:01,539.08,0.0
2025-05-09 20:54:59,539.08,0.0
2025-05-09 21:34:43,538.08,1.0
2025-05-09 22:15:47,538.08,0.0
2025-05-09 23:13:00,536.98,1.1000000000000227
2025-05-09 23:46:21,536.98,0.0
2025-05-10 00:30:44,535.88,1.1000000000000227
2025-05-10 01:18:39,535.88,0.0
2025-05-10 02:06:03,535.88,0.0
2025-05-10 02:52:37,535.88,0.0
2025-05-10 03:29:21,535.88,0.0
2025-05-10 04:25:30,535.88,0.0
2025-05-10 05:24:50,535.88,0.0
2025-05-10 06:23:05,534.88,1.0
2025-05-10 06:54:00,534.88,0.0
2025-05-10 07:41:38,534.88,0.0
2025-05-10 08:36:05,534.88,0.0
2025-05-10 09:31:44,534.88,0.0
2025-05-10 10:18:07,534.88,0.0
2025-05-10 11:16:35,534.88,0.0
2025-05-10 12:01:04,533.88,1.0
2025-05-10 12:43:18,533.88,0.0
2025-05-10 13:25:30,533.88,0.0
2025-05-10 13:58:24,532.78,1.1000000000000227
2025-05-10 14:52:35,532.78,0.0
2025-05-10 15:23:25,532.78,0.0
2025-05-10 16:16:14,531.73,1.0499999999999545
2025-05-10 17:10:41,530.73,1.0
2025-05-10 17:51:19,529.68,1.0500000000000682
2025-05-10 18:32:26,529.68,0.0
2025-05-10 19:24:49,528.68,1.0
2025-05-10 20:13:04,528.68,0.0
2025-05-10 21:08:01,527.68,1.0
2025-05-10 22:07:02,527.68,0.0
2025-05-10 23:00:30,527.68,0.0
2025-05-10 23:40:02,526.63,1.0499999999999545
2025-05-11 00:27:20,526.63,0.0
2025-05-11 01:01:17,526.63,0.0
2025-05-11 02:00:55,526.63,0.0
2025-05-11 02:58:54,526.63,0.0
2025-05-11 03:42:51,526.63,0.0
2025-05-11 04:20:07,526.63,0.0
2025-05-11 04:52:14,526.63,0.0
2025-05-11 05:52:08,526.63,0.0
2025-05-11 06:42:22,525.63,1.0
2025-05-11 07:13:29,525.63,0.0
2025-05-11 07:45:36,525.63,0.0
2025-05-11 08:30:14,525.63,0.0
2025-05-11 09:04:06,525.63,0.0
2025-05-11 10:01:21,525.63,0.0
2025-05-11 10:38:28,525.63,0.0
2025-05-11 11:21:53,524.63,1.0
2025-05-11 12:17:56,524.63,0.0
2025-05-11 13:04:23,524.63,0.0
2025-05-11 13:53:44,524.63,0.0
2025-05-11 14:45:37,523.48,1.1499999999999773
2025-05-11 15:24:37,523.48,0.0
2025-05-11 16:07:01,522.38,1.1000000000000227
2025-05-11 16:44:45,521.33,1.0499999999999545
2025-05-11 17:33:34,521.33,0.0
2025-05-11 18:23:48,520.23,1.1000000000000227
2025-05-11 19:15:23,520.23,0.0
2025-05-11 20:09:52,519.18,1.0500000000000682
2025-05-11 20:59:49,519.18,0.0
2025-05-11 21:53:39,519.18,0.0
2025-05-11 22:36:10,518.18,1.0
2025-05-11 23:13:55,518.18,0.0
2025-05-11 23:58:26,518.18,0.0
2025-05-12 00:55:30,517.13,1.0499999999999545
2025-05-12 01:42:21,517.13,0.0
2025-05-12 02:19:25,517.13,0.0
2025-05-12 03:10:11,517.13,0.0
2025-05-12 04:02:22,517.13,0.0
2025-05-12 04:54:14,517.13,0.0
2025-05-12 05:35:30,517.13,0.0
2025-05-12 06:13:22,517.13,0.0
2025-05-12 06:43:44,517.13,0.0
2025-05-12 07:21:05,517.13,0.0
2025-05-12 07:56:49,517.13,0.0
2025-05-12 08:51:44,517.13,0.0
2025-05-12 09:32:12,517.13,0.0
2025-05-12 10:30:50,517.13,0.0
2025-05-12 11:11:58,517.13,0.0
2025-05-12 11:54:59,516.13,1.0
2025-05-12 12:35:32,516.13,0.0
2025-05-12 13:12:13,516.13,0.0
2025-05-12 13:53:29,516.13,0.0
2025-05-12 14:49:42,516.13,0.0
2025-05-12 15:24:00,516.13,0.0
2025-05-12 16:14:19,516.13,0.0
2025-05-12 17:02:49,516.13,0.0
2025-05-12 17:57:45,515.13,1.0
2025-05-12 18:34:53,515.13,0.0
2025-05-12 19:16:22,515.13,0.0
2025-05-12 20:09:40,515.13,0.0
2025-05-12 21:01:09,515.13,0.0
2025-05-12 21:42:36,514.13,1.0
2025-05-12 22:27:39,514.13,0.0
2025-05-12 23:27:04,514.13,0.0
2025-05-13 00:02:42,513.13,1.0
2025-05-13 00:57:08,513.13,0.0
2025-05-13 01:38:53,513.13,0.0
2025-05-13 02:20:41,513.13,0.0
2025-05-13 03:17:30,513.13,0.0
2025-05-13 04:15:53,513.13,0.0
2025-05-13 05:13:51,513.13,0.0
2025-05-13 06:00:19,513.13,0.0
2025-05-13 06:48:50,513.13,0.0
2025-05-13 07:48:01,513.13,0.0
2025-05-13 08:27:54,513.13,0.0
2025-05-13 09:20:54,513.13,0.0
2025-05-13 09:57:36,513.13,0.0
2025-05-13 10:33:25,513.13,0.0
2025-05-13 11:33:17,513.13,0.0
2025-05-13 12:22:10,513.13,0.0
2025-05-13 12:55:03,513.13,0.0
2025-05-13 13:50:27,512.13,1.0
2025-05-13 14:49:55,510.93,1.1999999999999886
2025-05-13 15:26:54,509.88,1.0500000000000114
2025-05-13 16:04:55,508.73,1.1499999999999773
2025-05-13 16:57:15,507.58,1.150000000000034
2025-05-13 17:34:57,506.28,1.3000000000000114
2025-05-13 18:33:19,505.18,1.099999999999966
2025-05-13 19:19:43,505.18,0.0
2025-05-13 19:50:22,505.18,0.0
2025-05-13 20:48:12,504.18,1.0
2025-05-13 21:29:47,504.18,0.0
2025-05-13 22:15:38,504.18,0.0
2025-05-13 22:52:24,503.03,1.150000000000034
2025-05-13 23:22:36,503.03,0.0
2025-05-14 00:19:14,501.93,1.099999999999966
2025-05-14 01:18:05,501.93,0.0
2025-05-14 01:51:42,500.93,1.0
2025-05-14 02:47:57,500.93,0.0
2025-05-14 03:30:53,500.93,0.0
2025-05-14 04:02:31,500.93,0.0
2025-05-14 04:40:07,499.88,1.0500000000000114
2025-05-14 05:28:14,499.88,0.0
2025-05-14 06:02:11,499.88,0.0
2025-05-14 06:41:16,499.88,0.0
2025-05-14 07:38:18,498.83,1.0500000000000114
2025-05-14 08:23:40,498.83,0.0
2025-05-14 08:56:28,498.83,0.0
2025-05-14 09:27:13,498.83,0.0
2025-05-14 10:00:19,498.83,0.0
2025-05-14 10:39:08,498.83,0.0
2025-05-14 11:36:42,497.78,1.0500000000000114
2025-05-14 12:12:31,497.78,0.0
2025-05-14 13:07:17,496.78,1.0
2025-05-14 13:56:47,496.78,0.0
2025-05-14 14:55:55,495.68,1.099999999999966
2025-05-14 15:32:18,495.68,0.0
2025-05-14 16:30:33,495.68,0.0
2025-05-14 17:05:26,495.68,0.0
2025-05-14 17:59:27,495.68,0.0
2025-05-14 18:55:49,494.68,1.0
2025-05-14 19:54:32,494.68,0.0
2025-05-14 20:42:41,494.68,0.0
2025-05-14 21:14:45,494.68,0.0
2025-05-14 21:52:10,493.63,1.0500000000000114
2025-05-14 22:40:49,492.48,1.1499999999999773
2025-05-14 23:28:30,492.48,0.0
2025-05-15 00:20:10,491.33,1.150000000000034
2025-05-15 01:12:42,491.33,0.0
2025-05-15 02:00:36,490.33,1.0
2025-05-15 02:47:00,490.33,0.0
2025-05-15 03:30:29,490.33,0.0
2025-05-15 04:16:37,490.33,0.0
2025-05-15 04:58:45,489.33,1.0
2025-05-15 05:58:14,489.33,0.0
2025-05-15 06:52:22,489.33,0.0
2025-05-15 07:39:41,488.33,1.0
2025-05-15 08:11:22,488.33,0.0
2025-05-15 09:06:16,488.33,0.0
2025-05-15 09:49:32,487.33,1.0
2025-05-15 10:46:00,487.33,0.0
2025-05-15 11:23:31,487.33,0.0
2025-05-15 11:57:57,487.33,0.0
2025-05-15 12:55:12,487.33,0.0
2025-05-15 13:43:51,486.18,1.1499999999999773
2025-05-15 14:20:08,486.18,0.0
2025-05-15 15:15:10,485.18,1.0
2025-05-15 15:58:56,484.18,1.0
2025-05-15 16:34:12,484.18,0.0
2025-05-15 17:20:31,484.18,0.0
2025-05-15 18:20:29,483.18,1.0
2025-05-15 18:56:16,483.18,0.0
2025-05-15 19:43:30,482.18,1.0
2025-05-15 20:30:29,482.18,0.0
2025-05-15 21:03:20,482.18,0.0
2025-05-15 21:42:57,482.18,0.0
2025-05-15 22:14:29,482.18,0.0
2025-05-15 23:11:07,481.13,1.0500000000000114
2025-05-15 23:42:04,479.98,1.1499999999999773
2025-05-16 00:42:03,479.98,0.0
2025-05-16 01:37:35,478.98,1.0
2025-05-16 02:14:16,478.98,0.0
2025-05-16 02:50:17,478.98,0.0
2025-05-16 03:49:47,478.98,0.0
2025-05-16 04:35:14,477.98,1.0
2025-05-16 05:12:34,477.98,0.0
2025-05-16 06:08:02,477.98,0.0
2025-05-16 06:42:25,477.98,0.0
2025-05-16 07:37:39,476.93,1.0500000000000114
2025-05-16 08:31:23,476.93,0.0
2025-05-16 09:23:24,476.93,0.0
2025-05-16 10:14:52,475.93,1.0
2025-05-16 10:58:01,475.93,0.0
2025-05-16 11:38:34,475.93,0.0
2025-05-16 12:28:32,475.93,0.0
2025-05-16 13:15:57,475.93,0.0
2025-05-16 13:58:12,475.93,0.0
2025-05-16 14:42:57,474.88,1.0500000000000114
2025-05-16 15:41:39,474.88,0.0
2025-05-16 16:29:00,474.88,0.0
2025-05-16 17:15:05,474.88,0.0
2025-05-16 18:08:17,474.88,0.0
2025-05-16 19:04:21,473.83,1.0500000000000114
2025-05-16 20:01:57,472.73,1.099999999999966
2025-05-16 20:53:48,472.73,0.0
2025-05-16 21:28:22,471.73,1.0
2025-05-16 22:07:37,471.73,0.0
2025-05-16 22:56:51,471.73,0.0
2025-05-16 23:39:22,470.68,1.0500000000000114
2025-05-17 00:14:51,470.68,0.0
2025-05-17 01:12:29,470.68,0.0
2025-05-17 02:10:18,470.68,0.0
2025-05-17 02:43:52,470.68,0.0
2025-05-17 03:36:22,470.68,0.0
2025-05-17 04:17:04,470.68,0.0
2025-05-17 04:52:57,469.68,1.0
2025-05-17 05:29:18,469.68,0.0
2025-05-17 06:15:42,469.68,0.0
2025-05-17 07:04:16,469.68,0.0
2025-05-17 07:45:15,469.68,0.0
2025-05-17 08:37:56,469.68,0.0
2025-05-17 09:33:50,469.68,0.0
2025-05-17 10:17:01,468.68,1.0
2025-05-17 11:05:54,468.68,0.0
2025-05-17 11:53:21,468.68,0.0
2025-05-17 12:51:37,468.68,0.0
2025-05-17 13:45:03,467.63,1.0500000000000114
2025-05-17 14:27:18,467.63,0.0
2025-05-17 15:18:22,466.63,1.0
2025-05-17 15:49:36,466.63,0.0
2025-05-17 16:31:15,466.63,0.0
2025-05-17 17:21:08,466.63,0.0
2025-05-17 18:04:48,466.63,0.0
2025-05-17 18:39:20,465.63,1.0
2025-05-17 19:23:33,465.63,0.0
2025-05-17 20:19:32,465.63,0.0
2025-05-17 20:51:14,465.63,0.0
2025-05-17 21:38:13,464.63,1.0
2025-05-17 22:17:34,464.63,0.0
2025-05-17 23:03:32,464.63,0.0
2025-05-17 23:37:59,464.63,0.0
2025-05-18 00:35:09,463.63,1.0
2025-05-18 01:28:00,463.63,0.0
2025-05-18 02:15:30,463.63,0.0
2025-05-18 03:00:53,463.63,0.0
2025-05-18 03:31:18,463.63,0.0
2025-05-18 04:14:46,463.63,0.0
2025-05-18 05:08:43,463.63,0.0
2025-05-18 06:02:07,463.63,0.0
2025-05-18 06:49:38,463.63,0.0
2025-05-18 07:20:57,463.63,0.0
2025-05-18 08:18:03,462.63,1.0
2025-05-18 08:50:51,462.63,0.0
2025-05-18 09:41:23,462.63,0.0
2025-05-18 10:15:20,462.63,0.0
2025-05-18 10:48:00,462.38,0.25
2025-05-18 11:18:07,462.38,0.0
2025-05-18 11:58:12,462.38,0.0
2025-05-18 12:52:34,462.38,0.0
2025-05-18 13:32:37,462.38,0.0
2025-05-18 14:19:36,462.38,0.0
2025-05-18 15:00:17,461.33,1.0500000000000114
2025-05-18 15:46:35,461.33,0.0
2025-05-18 16:41:57,461.33,0.0
2025-05-18 17:23:06,461.33,0.0
2025-05-18 18:22:31,461.33,0.0
2025-05-18 19:21:14,460.18,1.1499999999999773
2025-05-18 20:08:47,459.03,1.150000000000034
2025-05-18 20:43:42,459.03,0.0
2025-05-18 21:34:01,458.03,1.0
2025-05-18 22:11:01,458.03,0.0
2025-05-18 22:42:32,456.88,1.1499999999999773
2025-05-18 23:35:06,456.88,0.0
2025-05-19 00:12:14,455.88,1.0
2025-05-19 01:07:17,455.88,0.0
2025-05-19 01:40:33,455.88,0.0
2025-05-19 02:13:59,455.88,0.0
2025-05-19 02:49:19,455.88,0.0
2025-05-19 03:38:53,455.88,0.0
2025-05-19 04:33:32,455.88,0.0
2025-05-19 05:04:23,455.88,0.0
2025-05-19 06:00:34,454.88,1.0
2025-05-19 06:43:54,454.88,0.0
2025-05-19 07:38:43,454.88,0.0
2025-05-19 08:17:52,454.88,0.0
2025-05-19 09:01:54,454.88,0.0
2025-05-19 09:59:22,453.83,1.0500000000000114
2025-05-19 10:49:57,453.83,0.0
2025-05-19 11:31:04,453.83,0.0
2025-05-19 12:27:28,452.83,1.0
2025-05-19 13:20:47,452.83,0.0
2025-05-19 13:55:44,452.83,0.0
2025-05-19 14:26:50,452.83,0.0
2025-05-19 15:07:21,452.83,0.0
2025-05-19 15:41:29,452.58,0.25
2025-05-19 16:33:04,452.58,0.0
2025-05-19 17:10:50,452.58,0.0
2025-05-19 17:44:21,452.58,0.0
2025-05-19 18:29:16,452.58,0.0
2025-05-19 19:25:16,451.43,1.1499999999999773
2025-05-19 20:13:21,450.13,1.3000000000000114
2025-05-19 20:50:01,449.08,1.0500000000000114
2025-05-19 21:46:20,447.88,1.1999999999999886
2025-05-19 22:24:02,447.88,0.0
2025-05-19 23:11:51,446.88,1.0
2025-05-20 00:00:45,445.83,1.0500000000000114
2025-05-20 00:44:41,445.83,0.0
2025-05-20 01:38:15,445.83,0.0
2025-05-20 02:38:10,445.83,0.0
2025-05-20 03:27:46,445.83,0.0
2025-05-20 04:23:38,445.83,0.0
2025-05-20 05:02:49,445.83,0.0
2025-05-20 05:58:04,445.83,0.0
2025-05-20 06:36:03,444.83,1.0
2025-05-20 07:21:29,444.83,0.0
2025-05-20 08:17:26,444.83,0.0
2025-05-20 09:01:22,444.83,0.0
2025-05-20 09:48:40,444.83,0.0
2025-05-20 10:45:05,444.83,0.0
2025-05-20 11:28:52,443.73,1.099999999999966
2025-05-20 12:26:32,442.73,1.0
2025-05-20 13:24:58,441.53,1.2000000000000455
2025-05-20 14:21:03,440.38,1.1499999999999773
2025-05-20 15:13:59,439.38,1.0
2025-05-20 16:01:42,438.33,1.0500000000000114
2025-05-20 16:47:12,437.33,1.0
2025-05-20 17:42:13,436.23,1.099999999999966
2025-05-20 18:28:30,436.23,0.0
2025-05-20 19:11:53,435.23,1.0
2025-05-20 19:47:52,434.23,1.0
2025-05-20 20:45:05,434.23,0.0
2025-05-20 21:32:21,433.13,1.1000000000000227
2025-05-20 22:28:25,432.13,1.0
2025-05-20 23:05:19,432.13,0.0
2025-05-20 23:59:43,431.13,1.0
2025-05-21 00:50:45,431.13,0.0
2025-05-21 01:42:25,429.98,1.1499999999999773
2025-05-21 02:13:08,429.98,0.0
2025-05-21 03:08:25,428.93,1.0500000000000114
2025-05-21 04:08:21,428.93,0.0
2025-05-21 05:05:32,427.88,1.0500000000000114
2025-05-21 05:38:09,427.88,0.0
2025-05-21 06:37:35,426.83,1.0500000000000114
2025-05-21 07:11:45,426.83,0.0
2025-05-21 07:46:24,426.83,0.0
2025-05-21 08:25:05,425.83,1.0
2025-05-21 09:07:06,425.83,0.0
2025-05-21 10:03:00,424.78,1.0500000000000114
2025-05-21 10:52:57,423.78,1.0
2025-05-21 11:43:10,423.78,0.0
2025-05-21 12:17:07,422.78,1.0
2025-05-21 13:11:11,421.73,1.0499999999999545
2025-05-21 13:57:01,420.53,1.2000000000000455
2025-05-21 14:30:30,419.53,1.0
2025-05-21 15:13:02,419.53,0.0
2025-05-21 16:00:21,418.33,1.1999999999999886
2025-05-21 16:57:24,417.28,1.0500000000000114
2025-05-21 17:31:24,417.28,0.0
2025-05-21 18:04:12,416.13,1.1499999999999773
2025-05-21 18:47:34,415.13,1.0
2025-05-21 19:38:23,414.08,1.0500000000000114
2025-05-21 20:13:39,414.08,0.0
2025-05-21 21:12:42,412.93,1.1499999999999773
2025-05-21 22:05:41,412.93,0.0
2025-05-21 23:05:25,411.78,1.150000000000034
2025-05-22 00:02:54,410.73,1.0499999999999545
2025-05-22 00:52:24,409.68,1.0500000000000114
2025-05-22 01:44:15,409.68,0.0
2025-05-22 02:23:01,409.68,0.0
2025-05-22 03:08:21,409.68,0.0
2025-05-22 04:03:07,409.68,0.0
2025-05-22 04:45:43,409.68,0.0
2025-05-22 05:44:59,408.68,1.0
2025-05-22 06:42:36,408.68,0.0
2025-05-22 07:33:05,408.68,0.0
2025-05-22 08:06:21,408.68,0.0
2025-05-22 08:44:54,408.68,0.0
2025-05-22 09:33:11,408.68,0.0
2025-05-22 10:31:04,407.68,1.0
2025-05-22 11:15:56,407.68,0.0
2025-05-22 11:46:46,407.68,0.0
2025-05-22 12:18:25,407.68,0.0
2025-05-22 12:50:55,407.68,0.0
2025-05-22 13:48:19,406.63,1.0500000000000114
2025-05-22 14:32:24,405.53,1.1000000000000227
2025-05-22 15:21:33,405.53,0.0
2025-05-22 15:53:52,405.53,0.0
2025-05-22 16:38:58,404.78,0.75
2025-05-22 17:27:25,404.78,0.0
2025-05-22 18:15:27,404.78,0.0
2025-05-22 18:56:21,404.78,0.0
2025-05-22 19:37:10,404.78,0.0
2025-05-22 20:08:06,404.78,0.0
2025-05-22 20:47:56,404.78,0.0
2025-05-22 21:39:06,403.63,1.1499999999999773
2025-05-22 22:29:39,402.58,1.0500000000000114
2025-05-22 23:18:46,401.53,1.0500000000000114
2025-05-23 00:10:13,401.53,0.0
2025-05-23 00:44:24,401.53,0.0
2025-05-23 01:38:06,400.53,1.0
2025-05-23 02:29:42,400.53,0.0
2025-05-23 03:16:48,400.53,0.0
2025-05-23 04:00:17,399.48,1.0499999999999545
2025-05-23 04:32:57,399.48,0.0
2025-05-23 05:30:21,399.48,0.0
2025-05-23 06:09:56,399.48,0.0
2025-05-23 06:56:01,398.43,1.0500000000000114
2025-05-23 07:34:59,398.43,0.0
2025-05-23 08:21:39,398.43,0.0
2025-05-23 09:19:23,397.43,1.0
2025-05-23 10:05:02,397.43,0.0
2025-05-23 10:50:27,396.43,1.0
2025-05-23 11:40:33,396.43,0.0
2025-05-23 12:33:37,395.33,1.1000000000000227
2025-05-23 13:22:34,395.33,0.0
2025-05-23 14:18:46,395.33,0.0
2025-05-23 14:58:14,394.28,1.0500000000000114
2025-05-23 15:43:51,394.28,0.0
2025-05-23 16:28:22,393.18,1.099999999999966
2025-05-23 17:18:34,393.18,0.0
2025-05-23 18:16:31,392.13,1.0500000000000114
2025-05-23 18:56:58,392.13,0.0
2025-05-23 19:28:54,391.03,1.1000000000000227
2025-05-23 20:17:31,391.03,0.0
2025-05-23 21:12:22,389.93,1.099999999999966
2025-05-23 22:07:59,388.93,1.0
2025-05-23 23:01:07,387.88,1.0500000000000114
2025-05-23 23:43:06,387.88,0.0
2025-05-24 00:16:41,387.88,0.0
2025-05-24 01:06:44,386.83,1.0500000000000114
2025-05-24 01:50:10,386.83,0.0
2025-05-24 02:34:05,386.83,0.0
2025-05-24 03:13:31,385.83,1.0
2025-05-24 04:03:07,385.83,0.0
2025-05-24 04:36:03,385.83,0.0
2025-05-24 05:16:54,384.83,1.0
2025-05-24 05:59:41,384.83,0.0
2025-05-24 06:47:35,384.83,0.0
2025-05-24 07:37:19,383.78,1.0500000000000114
2025-05-24 08:36:21,383.78,0.0
2025-05-24 09:36:12,383.78,0.0
2025-05-24 10:07:41,382.78,1.0
2025-05-24 11:04:21,382.78,0.0
2025-05-24 12:03:12,382.78,0.0
2025-05-24 12:36:24,382.78,0.0
2025-05-24 13:18:03,381.78,1.0
2025-05-24 13:50:33,381.78,0.0
2025-05-24 14:38:39,381.78,0.0
2025-05-24 15:16:17,381.78,0.0
2025-05-24 16:09:10,381.78,0.0
2025-05-24 16:50:32,381.78,0.0
2025-05-24 17:41:22,380.78,1.0
2025-05-24 18:34:28,380.78,0.0
2025-05-24 19:20:54,380.78,0.0
2025-05-24 19:55:17,380.78,0.0
2025-05-24 20:39:36,379.78,1.0
2025-05-24 21:21:04,379.78,0.0
2025-05-24 21:58:57,379.78,0.0
2025-05-24 22:55:22,379.78,0.0
2025-05-24 23:54:03,378.78,1.0
2025-05-25 00:25:13,378.78,0.0
2025-05-25 01:18:47,378.78,0.0
2025-05-25 02:00:57,377.78,1.0
2025-05-25 02:54:51,377.78,0.0
2025-05-25 03:50:08,377.78,0.0
2025-05-25 04:39:27,377.78,0.0
2025-05-25 05:12:19,377.78,0.0
2025-05-25 05:47:59,377.78,0.0
2025-05-25 06:22:21,377.78,0.0
2025-05-25 07:15:09,377.78,0.0
2025-05-25 08:10:29,376.78,1.0
2025-05-25 09:03:11,376.78,0.0
2025-05-25 09:43:13,376.78,0.0
2025-05-25 10:24:05,376.78,0.0
2025-05-25 11:23:51,376.78,0.0
2025-05-25 12:08:41,376.78,0.0
2025-05-25 12:45:46,375.68,1.099999999999966
2025-05-25 13:23:27,375.68,0.0
2025-05-25 14:07:57,375.68,0.0
2025-05-25 14:48:36,374.63,1.0500000000000114
2025-05-25 15:19:52,374.63,0.0
2025-05-25 16:15:42,374.28,0.35000000000002274
2025-05-25 17:10:54,374.28,0.0
2025-05-25 18:07:09,374.28,0.0
2025-05-25 18:52:51,374.28,0.0
2025-05-25 19:46:31,373.28,1.0
2025-05-25 20:41:55,373.28,0.0
2025-05-25 21:32:33,372.28,1.0
2025-05-25 22:11:00,372.28,0.0
2025-05-25 22:41:25,371.28,1.0
2025-05-25 23:27:53,371.28,0.0
2025-05-25 23:58:49,370.18,1.099999999999966
2025-05-26 00:42:29,370.18,0.0
2025-05-26 01:39:02,370.18,0.0
2025-05-26 02:36:55,369.18,1.0
2025-05-26 03:25:39,369.18,0.0
2025-05-26 04:20:31,369.18,0.0
2025-05-26 05:16:27,368.13,1.0500000000000114
2025-05-26 06:14:12,368.13,0.0
2025-05-26 06:54:27,368.13,0.0
2025-05-26 07:30:51,367.08,1.0500000000000114
2025-05-26 08:04:45,367.08,0.0
2025-05-26 08:53:43,367.08,0.0
2025-05-26 09:52:42,366.08,1.0
2025-05-26 10:44:11,366.08,0.0
2025-05-26 11:39:35,366.08,0.0
2025-05-26 12:11:32,366.08,0.0
2025-05-26 12:55:40,366.08,0.0
2025-05-26 13:42:26,365.08,1.0
2025-05-26 14:40:36,365.08,0.0
2025-05-26 15:22:32,364.03,1.0500000000000114
2025-05-26 15:58:09,364.03,0.0
2025-05-26 16:42:16,364.03,0.0
2025-05-26 17:24:06,362.93,1.099999999999966
2025-05-26 17:56:52,362.93,0.0
2025-05-26 18:49:38,361.93,1.0
2025-05-26 19:23:29,361.93,0.0
2025-05-26 19:59:45,360.83,1.1000000000000227
2025-05-26 20:31:13,360.83,0.0
2025-05-26 21:16:11,360.83,0.0
2025-05-26 21:58:11,359.83,1.0
2025-05-26 22:39:06,359.83,0.0
2025-05-26 23:31:37,358.63,1.1999999999999886
2025-05-27 00:17:58,357.58,1.0500000000000114
2025-05-27 01:11:24,357.58,0.0
2025-05-27 02:04:36,356.58,1.0
2025-05-27 02:42:44,356.58,0.0
2025-05-27 03:19:33,356.58,0.0
2025-05-27 04:16:08,356.58,0.0
2025-05-27 05:12:27,355.58,1.0
2025-05-27 05:44:19,355.58,0.0
2025-05-27 06:35:58,355.58,0.0
2025-05-27 07:17:36,354.58,1.0
2025-05-27 08:11:50,354.58,0.0
2025-05-27 08:52:08,354.58,0.0
2025-05-27 09:33:39,354.58,0.0
2025-05-27 10:07:05,354.58,0.0
2025-05-27 10:53:21,354.58,0.0
2025-05-27 11:40:55,354.58,0.0
2025-05-27 12:40:01,353.58,1.0
2025-05-27 13:15:01,353.58,0.0
2025-05-27 14:02:47,353.58,0.0
2025-05-27 14:35:41,353.58,0.0
2025-05-27 15:18:24,353.58,0.0
2025-05-27 15:58:56,353.58,0.0
2025-05-27 16:36:52,353.58,0.0
2025-05-27 17:22:00,352.58,1.0
2025-05-27 18:10:27,352.58,0.0
2025-05-27 18:43:13,352.58,0.0
2025-05-27 19:33:30,352.58,0.0
2025-05-27 20:28:31,351.58,1.0
2025-05-27 21:05:33,351.58,0.0
2025-05-27 21:47:48,351.13,0.44999999999998863
2025-05-27 22:33:56,351.13,0.0
2025-05-27 23:25:44,350.08,1.0500000000000114
2025-05-28 00:16:29,350.08,0.0
2025-05-28 01:03:57,349.08,1.0
2025-05-28 02:00:39,349.08,0.0
2025-05-28 02:35:44,349.08,0.0
2025-05-28 03:17:16,349.08,0.0
2025-05-28 03:59:13,348.03,1.0500000000000114
2025-05-28 04:37:48,348.03,0.0
2025-05-28 05:34:23,348.03,0.0
2025-05-28 06:10:26,348.03,0.0
2025-05-28 06:54:57,347.03,1.0
2025-05-28 07:49:23,347.03,0.0
2025-05-28 08:46:03,346.03,1.0
2025-05-28 09:19:16,346.03,0.0
2025-05-28 09:51:54,346.03,0.0
2025-05-28 10:44:44,346.03,0.0
2025-05-28 11:19:47,345.03,1.0
2025-05-28 12:08:00,345.03,0.0
2025-05-28 12:42:54,345.03,0.0
2025-05-28 13:15:14,345.03,0.0
2025-05-28 13:51:31,343.98,1.0499999999999545
2025-05-28 14:40:45,343.98,0.0
2025-05-28 15:24:18,343.98,0.0
2025-05-28 16:12:38,343.98,0.0
2025-05-28 17:02:35,343.98,0.0
2025-05-28 17:35:25,343.98,0.0
2025-05-28 18:13:29,342.93,1.0500000000000114
2025-05-28 19:07:47,342.93,0.0
2025-05-28 19:45:59,342.93,0.0
2025-05-28 20:39:57,341.88,1.0500000000000114
2025-05-28 21:32:09,341.88,0.0
2025-05-28 22:13:57,341.88,0.0
2025-05-28 23:06:06,340.83,1.0500000000000114
2025-05-29 00:02:37,340.83,0.0
2025-05-29 00:59:52,339.83,1.0
2025-05-29 01:50:54,339.83,0.0
2025-05-29 02:41:00,338.78,1.0500000000000114
2025-05-29 03:34:00,338.78,0.0
2025-05-29 04:24:21,338.78,0.0
2025-05-29 05:23:54,337.78,1.0
2025-05-29 06:00:21,337.78,0.0
2025-05-29 06:52:11,337.78,0.0
2025-05-29 07:33:58,336.78,1.0
2025-05-29 08:31:40,336.78,0.0
2025-05-29 09:05:15,336.78,0.0
2025-05-29 09:53:30,335.73,1.0499999999999545
2025-05-29 10:44:36,335.73,0.0
2025-05-29 11:21:05,335.73,0.0
2025-05-29 12:03:21,335.73,0.0
2025-05-29 12:55:39,334.73,1.0
2025-05-29 13:40:30,334.73,0.0
2025-05-29 14:17:26,334.73,0.0
2025-05-29 15:08:49,334.73,0.0
2025-05-29 15:56:30,333.63,1.1000000000000227
